........................................................................ [ 36%]
Windows fatal exception: code 0x80040155

Thread 0x000059a8 (most recent call first):
  File "C:\Users\adila\Downloads\fmeda_app27\fmeda_tool\services\export_service.py", line 816 in export_to_pdf
  File "C:\Users\adila\Downloads\fmeda_app27\tests\test_increment6.py", line 143 in test_pdf_export_service
  File "C:\Users\adila\.cache\codex-runtimes\codex-primary-runtime\dependencies\python\Lib\unittest\case.py", line 589 in _callTestMethod
  File "C:\Users\adila\.cache\codex-runtimes\codex-primary-runtime\dependencies\python\Lib\unittest\case.py", line 634 in run
  File "C:\Users\adila\.cache\codex-runtimes\codex-primary-runtime\dependencies\python\Lib\unittest\case.py", line 690 in __call__
  File "C:\Users\adila\Downloads\fmeda_app27\scratch\test-packages\_pytest\unittest.py", line 410 in runtest
  File "C:\Users\adila\Downloads\fmeda_app27\scratch\test-packages\_pytest\runner.py", line 184 in pytest_runtest_call
  File "C:\Users\adila\Downloads\fmeda_app27\scratch\test-packages\pluggy\_callers.py", line 121 in _multicall
  File "C:\Users\adila\Downloads\fmeda_app27\scratch\test-packages\pluggy\_manager.py", line 120 in _hookexec
  File "C:\Users\adila\Downloads\fmeda_app27\scratch\test-packages\pluggy\_hooks.py", line 512 in __call__
  File "C:\Users\adila\Downloads\fmeda_app27\scratch\test-packages\_pytest\runner.py", line 250 in <lambda>
  File "C:\Users\adila\Downloads\fmeda_app27\scratch\test-packages\_pytest\runner.py", line 361 in from_call
  File "C:\Users\adila\Downloads\fmeda_app27\scratch\test-packages\_pytest\runner.py", line 249 in call_and_report
  File "C:\Users\adila\Downloads\fmeda_app27\scratch\test-packages\_pytest\runner.py", line 139 in runtestprotocol
  File "C:\Users\adila\Downloads\fmeda_app27\scratch\test-packages\_pytest\runner.py", line 118 in pytest_runtest_protocol
  File "C:\Users\adila\Downloads\fmeda_app27\scratch\test-packages\pluggy\_callers.py", line 121 in _multicall
  File "C:\Users\adila\Downloads\fmeda_app27\scratch\test-packages\pluggy\_manager.py", line 120 in _hookexec
  File "C:\Users\adila\Downloads\fmeda_app27\scratch\test-packages\pluggy\_hooks.py", line 512 in __call__
  File "C:\Users\adila\Downloads\fmeda_app27\scratch\test-packages\_pytest\main.py", line 408 in pytest_runtestloop
  File "C:\Users\adila\Downloads\fmeda_app27\scratch\test-packages\pluggy\_callers.py", line 121 in _multicall
  File "C:\Users\adila\Downloads\fmeda_app27\scratch\test-packages\pluggy\_manager.py", line 120 in _hookexec
  File "C:\Users\adila\Downloads\fmeda_app27\scratch\test-packages\pluggy\_hooks.py", line 512 in __call__
  File "C:\Users\adila\Downloads\fmeda_app27\scratch\test-packages\_pytest\main.py", line 384 in _main
  File "C:\Users\adila\Downloads\fmeda_app27\scratch\test-packages\_pytest\main.py", line 330 in wrap_session
  File "C:\Users\adila\Downloads\fmeda_app27\scratch\test-packages\_pytest\main.py", line 377 in pytest_cmdline_main
  File "C:\Users\adila\Downloads\fmeda_app27\scratch\test-packages\pluggy\_callers.py", line 121 in _multicall
  File "C:\Users\adila\Downloads\fmeda_app27\scratch\test-packages\pluggy\_manager.py", line 120 in _hookexec
  File "C:\Users\adila\Downloads\fmeda_app27\scratch\test-packages\pluggy\_hooks.py", line 512 in __call__
  File "C:\Users\adila\Downloads\fmeda_app27\scratch\test-packages\_pytest\config\__init__.py", line 229 in _main
  File "C:\Users\adila\Downloads\fmeda_app27\scratch\test-packages\_pytest\config\__init__.py", line 253 in _console_main
  File "C:\Users\adila\Downloads\fmeda_app27\scratch\test-packages\pytest\__main__.py", line 9 in <module>
  File "<frozen runpy>", line 88 in _run_code
  File "<frozen runpy>", line 198 in _run_module_as_main
Windows fatal exception: code 0x80040155

Current thread 0x000059a8 (most recent call first):
  File "C:\Users\adila\Downloads\fmeda_app27\fmeda_tool\services\export_service.py", line 816 in export_to_pdf
  File "C:\Users\adila\Downloads\fmeda_app27\tests\test_increment6.py", line 143 in test_pdf_export_service
  File "C:\Users\adila\.cache\codex-runtimes\codex-primary-runtime\dependencies\python\Lib\unittest\case.py", line 589 in _callTestMethod
  File "C:\Users\adila\.cache\codex-runtimes\codex-primary-runtime\dependencies\python\Lib\unittest\case.py", line 634 in run
  File "C:\Users\adila\.cache\codex-runtimes\codex-primary-runtime\dependencies\python\Lib\unittest\case.py", line 690 in __call__
  File "C:\Users\adila\Downloads\fmeda_app27\scratch\test-packages\_pytest\unittest.py", line 410 in runtest
  File "C:\Users\adila\Downloads\fmeda_app27\scratch\test-packages\_pytest\runner.py", line 184 in pytest_runtest_call
  File "C:\Users\adila\Downloads\fmeda_app27\scratch\test-packages\pluggy\_callers.py", line 121 in _multicall
  File "C:\Users\adila\Downloads\fmeda_app27\scratch\test-packages\pluggy\_manager.py", line 120 in _hookexec
  File "C:\Users\adila\Downloads\fmeda_app27\scratch\test-packages\pluggy\_hooks.py", line 512 in __call__
  File "C:\Users\adila\Downloads\fmeda_app27\scratch\test-packages\_pytest\runner.py", line 250 in <lambda>
  File "C:\Users\adila\Downloads\fmeda_app27\scratch\test-packages\_pytest\runner.py", line 361 in from_call
  File "C:\Users\adila\Downloads\fmeda_app27\scratch\test-packages\_pytest\runner.py", line 249 in call_and_report
  File "C:\Users\adila\Downloads\fmeda_app27\scratch\test-packages\_pytest\runner.py", line 139 in runtestprotocol
  File "C:\Users\adila\Downloads\fmeda_app27\scratch\test-packages\_pytest\runner.py", line 118 in pytest_runtest_protocol
  File "C:\Users\adila\Downloads\fmeda_app27\scratch\test-packages\pluggy\_callers.py", line 121 in _multicall
  File "C:\Users\adila\Downloads\fmeda_app27\scratch\test-packages\pluggy\_manager.py", line 120 in _hookexec
  File "C:\Users\adila\Downloads\fmeda_app27\scratch\test-packages\pluggy\_hooks.py", line 512 in __call__
  File "C:\Users\adila\Downloads\fmeda_app27\scratch\test-packages\_pytest\main.py", line 408 in pytest_runtestloop
  File "C:\Users\adila\Downloads\fmeda_app27\scratch\test-packages\pluggy\_callers.py", line 121 in _multicall
  File "C:\Users\adila\Downloads\fmeda_app27\scratch\test-packages\pluggy\_manager.py", line 120 in _hookexec
  File "C:\Users\adila\Downloads\fmeda_app27\scratch\test-packages\pluggy\_hooks.py", line 512 in __call__
  File "C:\Users\adila\Downloads\fmeda_app27\scratch\test-packages\_pytest\main.py", line 384 in _main
  File "C:\Users\adila\Downloads\fmeda_app27\scratch\test-packages\_pytest\main.py", line 330 in wrap_session
  File "C:\Users\adila\Downloads\fmeda_app27\scratch\test-packages\_pytest\main.py", line 377 in pytest_cmdline_main
  File "C:\Users\adila\Downloads\fmeda_app27\scratch\test-packages\pluggy\_callers.py", line 121 in _multicall
  File "C:\Users\adila\Downloads\fmeda_app27\scratch\test-packages\pluggy\_manager.py", line 120 in _hookexec
  File "C:\Users\adila\Downloads\fmeda_app27\scratch\test-packages\pluggy\_hooks.py", line 512 in __call__
  File "C:\Users\adila\Downloads\fmeda_app27\scratch\test-packages\_pytest\config\__init__.py", line 229 in _main
  File "C:\Users\adila\Downloads\fmeda_app27\scratch\test-packages\_pytest\config\__init__.py", line 253 in _console_main
  File "C:\Users\adila\Downloads\fmeda_app27\scratch\test-packages\pytest\__main__.py", line 9 in <module>
  File "<frozen runpy>", line 88 in _run_code
  File "<frozen runpy>", line 198 in _run_module_as_main
Windows fatal exception: code 0x80040155

Thread 0x000059a8 (most recent call first):
  File "C:\Users\adila\Downloads\fmeda_app27\fmeda_tool\services\export_service.py", line 816 in export_to_pdf
  File "C:\Users\adila\Downloads\fmeda_app27\tests\test_increment6.py", line 143 in test_pdf_export_service
  File "C:\Users\adila\.cache\codex-runtimes\codex-primary-runtime\dependencies\python\Lib\unittest\case.py", line 589 in _callTestMethod
  File "C:\Users\adila\.cache\codex-runtimes\codex-primary-runtime\dependencies\python\Lib\unittest\case.py", line 634 in run
  File "C:\Users\adila\.cache\codex-runtimes\codex-primary-runtime\dependencies\python\Lib\unittest\case.py", line 690 in __call__
  File "C:\Users\adila\Downloads\fmeda_app27\scratch\test-packages\_pytest\unittest.py", line 410 in runtest
  File "C:\Users\adila\Downloads\fmeda_app27\scratch\test-packages\_pytest\runner.py", line 184 in pytest_runtest_call
  File "C:\Users\adila\Downloads\fmeda_app27\scratch\test-packages\pluggy\_callers.py", line 121 in _multicall
  File "C:\Users\adila\Downloads\fmeda_app27\scratch\test-packages\pluggy\_manager.py", line 120 in _hookexec
  File "C:\Users\adila\Downloads\fmeda_app27\scratch\test-packages\pluggy\_hooks.py", line 512 in __call__
  File "C:\Users\adila\Downloads\fmeda_app27\scratch\test-packages\_pytest\runner.py", line 250 in <lambda>
  File "C:\Users\adila\Downloads\fmeda_app27\scratch\test-packages\_pytest\runner.py", line 361 in from_call
  File "C:\Users\adila\Downloads\fmeda_app27\scratch\test-packages\_pytest\runner.py", line 249 in call_and_report
  File "C:\Users\adila\Downloads\fmeda_app27\scratch\test-packages\_pytest\runner.py", line 139 in runtestprotocol
  File "C:\Users\adila\Downloads\fmeda_app27\scratch\test-packages\_pytest\runner.py", line 118 in pytest_runtest_protocol
  File "C:\Users\adila\Downloads\fmeda_app27\scratch\test-packages\pluggy\_callers.py", line 121 in _multicall
  File "C:\Users\adila\Downloads\fmeda_app27\scratch\test-packages\pluggy\_manager.py", line 120 in _hookexec
  File "C:\Users\adila\Downloads\fmeda_app27\scratch\test-packages\pluggy\_hooks.py", line 512 in __call__
  File "C:\Users\adila\Downloads\fmeda_app27\scratch\test-packages\_pytest\main.py", line 408 in pytest_runtestloop
  File "C:\Users\adila\Downloads\fmeda_app27\scratch\test-packages\pluggy\_callers.py", line 121 in _multicall
  File "C:\Users\adila\Downloads\fmeda_app27\scratch\test-packages\pluggy\_manager.py", line 120 in _hookexec
  File "C:\Users\adila\Downloads\fmeda_app27\scratch\test-packages\pluggy\_hooks.py", line 512 in __call__
  File "C:\Users\adila\Downloads\fmeda_app27\scratch\test-packages\_pytest\main.py", line 384 in _main
  File "C:\Users\adila\Downloads\fmeda_app27\scratch\test-packages\_pytest\main.py", line 330 in wrap_session
  File "C:\Users\adila\Downloads\fmeda_app27\scratch\test-packages\_pytest\main.py", line 377 in pytest_cmdline_main
  File "C:\Users\adila\Downloads\fmeda_app27\scratch\test-packages\pluggy\_callers.py", line 121 in _multicall
  File "C:\Users\adila\Downloads\fmeda_app27\scratch\test-packages\pluggy\_manager.py", line 120 in _hookexec
  File "C:\Users\adila\Downloads\fmeda_app27\scratch\test-packages\pluggy\_hooks.py", line 512 in __call__
  File "C:\Users\adila\Downloads\fmeda_app27\scratch\test-packages\_pytest\config\__init__.py", line 229 in _main
  File "C:\Users\adila\Downloads\fmeda_app27\scratch\test-packages\_pytest\config\__init__.py", line 253 in _console_main
  File "C:\Users\adila\Downloads\fmeda_app27\scratch\test-packages\pytest\__main__.py", line 9 in <module>
  File "<frozen runpy>", line 88 in _run_code
  File "<frozen runpy>", line 198 in _run_module_as_main
Windows fatal exception: code 0x80040155

Current thread 0x000059a8 (most recent call first):
  File "C:\Users\adila\Downloads\fmeda_app27\fmeda_tool\services\export_service.py", line 816 in export_to_pdf
  File "C:\Users\adila\Downloads\fmeda_app27\tests\test_increment6.py", line 143 in test_pdf_export_service
  File "C:\Users\adila\.cache\codex-runtimes\codex-primary-runtime\dependencies\python\Lib\unittest\case.py", line 589 in _callTestMethod
  File "C:\Users\adila\.cache\codex-runtimes\codex-primary-runtime\dependencies\python\Lib\unittest\case.py", line 634 in run
  File "C:\Users\adila\.cache\codex-runtimes\codex-primary-runtime\dependencies\python\Lib\unittest\case.py", line 690 in __call__
  File "C:\Users\adila\Downloads\fmeda_app27\scratch\test-packages\_pytest\unittest.py", line 410 in runtest
  File "C:\Users\adila\Downloads\fmeda_app27\scratch\test-packages\_pytest\runner.py", line 184 in pytest_runtest_call
  File "C:\Users\adila\Downloads\fmeda_app27\scratch\test-packages\pluggy\_callers.py", line 121 in _multicall
  File "C:\Users\adila\Downloads\fmeda_app27\scratch\test-packages\pluggy\_manager.py", line 120 in _hookexec
  File "C:\Users\adila\Downloads\fmeda_app27\scratch\test-packages\pluggy\_hooks.py", line 512 in __call__
  File "C:\Users\adila\Downloads\fmeda_app27\scratch\test-packages\_pytest\runner.py", line 250 in <lambda>
  File "C:\Users\adila\Downloads\fmeda_app27\scratch\test-packages\_pytest\runner.py", line 361 in from_call
  File "C:\Users\adila\Downloads\fmeda_app27\scratch\test-packages\_pytest\runner.py", line 249 in call_and_report
  File "C:\Users\adila\Downloads\fmeda_app27\scratch\test-packages\_pytest\runner.py", line 139 in runtestprotocol
  File "C:\Users\adila\Downloads\fmeda_app27\scratch\test-packages\_pytest\runner.py", line 118 in pytest_runtest_protocol
  File "C:\Users\adila\Downloads\fmeda_app27\scratch\test-packages\pluggy\_callers.py", line 121 in _multicall
  File "C:\Users\adila\Downloads\fmeda_app27\scratch\test-packages\pluggy\_manager.py", line 120 in _hookexec
  File "C:\Users\adila\Downloads\fmeda_app27\scratch\test-packages\pluggy\_hooks.py", line 512 in __call__
  File "C:\Users\adila\Downloads\fmeda_app27\scratch\test-packages\_pytest\main.py", line 408 in pytest_runtestloop
  File "C:\Users\adila\Downloads\fmeda_app27\scratch\test-packages\pluggy\_callers.py", line 121 in _multicall
  File "C:\Users\adila\Downloads\fmeda_app27\scratch\test-packages\pluggy\_manager.py", line 120 in _hookexec
  File "C:\Users\adila\Downloads\fmeda_app27\scratch\test-packages\pluggy\_hooks.py", line 512 in __call__
  File "C:\Users\adila\Downloads\fmeda_app27\scratch\test-packages\_pytest\main.py", line 384 in _main
  File "C:\Users\adila\Downloads\fmeda_app27\scratch\test-packages\_pytest\main.py", line 330 in wrap_session
  File "C:\Users\adila\Downloads\fmeda_app27\scratch\test-packages\_pytest\main.py", line 377 in pytest_cmdline_main
  File "C:\Users\adila\Downloads\fmeda_app27\scratch\test-packages\pluggy\_callers.py", line 121 in _multicall
  File "C:\Users\adila\Downloads\fmeda_app27\scratch\test-packages\pluggy\_manager.py", line 120 in _hookexec
  File "C:\Users\adila\Downloads\fmeda_app27\scratch\test-packages\pluggy\_hooks.py", line 512 in __call__
  File "C:\Users\adila\Downloads\fmeda_app27\scratch\test-packages\_pytest\config\__init__.py", line 229 in _main
  File "C:\Users\adila\Downloads\fmeda_app27\scratch\test-packages\_pytest\config\__init__.py", line 253 in _console_main
  File "C:\Users\adila\Downloads\fmeda_app27\scratch\test-packages\pytest\__main__.py", line 9 in <module>
  File "<frozen runpy>", line 88 in _run_code
  File "<frozen runpy>", line 198 in _run_module_as_main
Windows fatal exception: code 0x80040155

Thread 0x000059a8 (most recent call first):
  File "C:\Users\adila\Downloads\fmeda_app27\fmeda_tool\services\export_service.py", line 816 in export_to_pdf
  File "C:\Users\adila\Downloads\fmeda_app27\tests\test_increment6.py", line 143 in test_pdf_export_service
  File "C:\Users\adila\.cache\codex-runtimes\codex-primary-runtime\dependencies\python\Lib\unittest\case.py", line 589 in _callTestMethod
  File "C:\Users\adila\.cache\codex-runtimes\codex-primary-runtime\dependencies\python\Lib\unittest\case.py", line 634 in run
  File "C:\Users\adila\.cache\codex-runtimes\codex-primary-runtime\dependencies\python\Lib\unittest\case.py", line 690 in __call__
  File "C:\Users\adila\Downloads\fmeda_app27\scratch\test-packages\_pytest\unittest.py", line 410 in runtest
  File "C:\Users\adila\Downloads\fmeda_app27\scratch\test-packages\_pytest\runner.py", line 184 in pytest_runtest_call
  File "C:\Users\adila\Downloads\fmeda_app27\scratch\test-packages\pluggy\_callers.py", line 121 in _multicall
  File "C:\Users\adila\Downloads\fmeda_app27\scratch\test-packages\pluggy\_manager.py", line 120 in _hookexec
  File "C:\Users\adila\Downloads\fmeda_app27\scratch\test-packages\pluggy\_hooks.py", line 512 in __call__
  File "C:\Users\adila\Downloads\fmeda_app27\scratch\test-packages\_pytest\runner.py", line 250 in <lambda>
  File "C:\Users\adila\Downloads\fmeda_app27\scratch\test-packages\_pytest\runner.py", line 361 in from_call
  File "C:\Users\adila\Downloads\fmeda_app27\scratch\test-packages\_pytest\runner.py", line 249 in call_and_report
  File "C:\Users\adila\Downloads\fmeda_app27\scratch\test-packages\_pytest\runner.py", line 139 in runtestprotocol
  File "C:\Users\adila\Downloads\fmeda_app27\scratch\test-packages\_pytest\runner.py", line 118 in pytest_runtest_protocol
  File "C:\Users\adila\Downloads\fmeda_app27\scratch\test-packages\pluggy\_callers.py", line 121 in _multicall
  File "C:\Users\adila\Downloads\fmeda_app27\scratch\test-packages\pluggy\_manager.py", line 120 in _hookexec
  File "C:\Users\adila\Downloads\fmeda_app27\scratch\test-packages\pluggy\_hooks.py", line 512 in __call__
  File "C:\Users\adila\Downloads\fmeda_app27\scratch\test-packages\_pytest\main.py", line 408 in pytest_runtestloop
  File "C:\Users\adila\Downloads\fmeda_app27\scratch\test-packages\pluggy\_callers.py", line 121 in _multicall
  File "C:\Users\adila\Downloads\fmeda_app27\scratch\test-packages\pluggy\_manager.py", line 120 in _hookexec
  File "C:\Users\adila\Downloads\fmeda_app27\scratch\test-packages\pluggy\_hooks.py", line 512 in __call__
  File "C:\Users\adila\Downloads\fmeda_app27\scratch\test-packages\_pytest\main.py", line 384 in _main
  File "C:\Users\adila\Downloads\fmeda_app27\scratch\test-packages\_pytest\main.py", line 330 in wrap_session
  File "C:\Users\adila\Downloads\fmeda_app27\scratch\test-packages\_pytest\main.py", line 377 in pytest_cmdline_main
  File "C:\Users\adila\Downloads\fmeda_app27\scratch\test-packages\pluggy\_callers.py", line 121 in _multicall
  File "C:\Users\adila\Downloads\fmeda_app27\scratch\test-packages\pluggy\_manager.py", line 120 in _hookexec
  File "C:\Users\adila\Downloads\fmeda_app27\scratch\test-packages\pluggy\_hooks.py", line 512 in __call__
  File "C:\Users\adila\Downloads\fmeda_app27\scratch\test-packages\_pytest\config\__init__.py", line 229 in _main
  File "C:\Users\adila\Downloads\fmeda_app27\scratch\test-packages\_pytest\config\__init__.py", line 253 in _console_main
  File "C:\Users\adila\Downloads\fmeda_app27\scratch\test-packages\pytest\__main__.py", line 9 in <module>
  File "<frozen runpy>", line 88 in _run_code
  File "<frozen runpy>", line 198 in _run_module_as_main
Windows fatal exception: code 0x80040155

Current thread 0x000059a8 (most recent call first):
  File "C:\Users\adila\Downloads\fmeda_app27\fmeda_tool\services\export_service.py", line 816 in export_to_pdf
  File "C:\Users\adila\Downloads\fmeda_app27\tests\test_increment6.py", line 143 in test_pdf_export_service
  File "C:\Users\adila\.cache\codex-runtimes\codex-primary-runtime\dependencies\python\Lib\unittest\case.py", line 589 in _callTestMethod
  File "C:\Users\adila\.cache\codex-runtimes\codex-primary-runtime\dependencies\python\Lib\unittest\case.py", line 634 in run
  File "C:\Users\adila\.cache\codex-runtimes\codex-primary-runtime\dependencies\python\Lib\unittest\case.py", line 690 in __call__
  File "C:\Users\adila\Downloads\fmeda_app27\scratch\test-packages\_pytest\unittest.py", line 410 in runtest
  File "C:\Users\adila\Downloads\fmeda_app27\scratch\test-packages\_pytest\runner.py", line 184 in pytest_runtest_call
  File "C:\Users\adila\Downloads\fmeda_app27\scratch\test-packages\pluggy\_callers.py", line 121 in _multicall
  File "C:\Users\adila\Downloads\fmeda_app27\scratch\test-packages\pluggy\_manager.py", line 120 in _hookexec
  File "C:\Users\adila\Downloads\fmeda_app27\scratch\test-packages\pluggy\_hooks.py", line 512 in __call__
  File "C:\Users\adila\Downloads\fmeda_app27\scratch\test-packages\_pytest\runner.py", line 250 in <lambda>
  File "C:\Users\adila\Downloads\fmeda_app27\scratch\test-packages\_pytest\runner.py", line 361 in from_call
  File "C:\Users\adila\Downloads\fmeda_app27\scratch\test-packages\_pytest\runner.py", line 249 in call_and_report
  File "C:\Users\adila\Downloads\fmeda_app27\scratch\test-packages\_pytest\runner.py", line 139 in runtestprotocol
  File "C:\Users\adila\Downloads\fmeda_app27\scratch\test-packages\_pytest\runner.py", line 118 in pytest_runtest_protocol
  File "C:\Users\adila\Downloads\fmeda_app27\scratch\test-packages\pluggy\_callers.py", line 121 in _multicall
  File "C:\Users\adila\Downloads\fmeda_app27\scratch\test-packages\pluggy\_manager.py", line 120 in _hookexec
  File "C:\Users\adila\Downloads\fmeda_app27\scratch\test-packages\pluggy\_hooks.py", line 512 in __call__
  File "C:\Users\adila\Downloads\fmeda_app27\scratch\test-packages\_pytest\main.py", line 408 in pytest_runtestloop
  File "C:\Users\adila\Downloads\fmeda_app27\scratch\test-packages\pluggy\_callers.py", line 121 in _multicall
  File "C:\Users\adila\Downloads\fmeda_app27\scratch\test-packages\pluggy\_manager.py", line 120 in _hookexec
  File "C:\Users\adila\Downloads\fmeda_app27\scratch\test-packages\pluggy\_hooks.py", line 512 in __call__
  File "C:\Users\adila\Downloads\fmeda_app27\scratch\test-packages\_pytest\main.py", line 384 in _main
  File "C:\Users\adila\Downloads\fmeda_app27\scratch\test-packages\_pytest\main.py", line 330 in wrap_session
  File "C:\Users\adila\Downloads\fmeda_app27\scratch\test-packages\_pytest\main.py", line 377 in pytest_cmdline_main
  File "C:\Users\adila\Downloads\fmeda_app27\scratch\test-packages\pluggy\_callers.py", line 121 in _multicall
  File "C:\Users\adila\Downloads\fmeda_app27\scratch\test-packages\pluggy\_manager.py", line 120 in _hookexec
  File "C:\Users\adila\Downloads\fmeda_app27\scratch\test-packages\pluggy\_hooks.py", line 512 in __call__
  File "C:\Users\adila\Downloads\fmeda_app27\scratch\test-packages\_pytest\config\__init__.py", line 229 in _main
  File "C:\Users\adila\Downloads\fmeda_app27\scratch\test-packages\_pytest\config\__init__.py", line 253 in _console_main
  File "C:\Users\adila\Downloads\fmeda_app27\scratch\test-packages\pytest\__main__.py", line 9 in <module>
  File "<frozen runpy>", line 88 in _run_code
  File "<frozen runpy>", line 198 in _run_module_as_main
Windows fatal exception: code 0x80040155

Thread 0x000059a8 (most recent call first):
  File "C:\Users\adila\Downloads\fmeda_app27\fmeda_tool\services\export_service.py", line 816 in export_to_pdf
  File "C:\Users\adila\Downloads\fmeda_app27\tests\test_increment6.py", line 143 in test_pdf_export_service
  File "C:\Users\adila\.cache\codex-runtimes\codex-primary-runtime\dependencies\python\Lib\unittest\case.py", line 589 in _callTestMethod
  File "C:\Users\adila\.cache\codex-runtimes\codex-primary-runtime\dependencies\python\Lib\unittest\case.py", line 634 in run
  File "C:\Users\adila\.cache\codex-runtimes\codex-primary-runtime\dependencies\python\Lib\unittest\case.py", line 690 in __call__
  File "C:\Users\adila\Downloads\fmeda_app27\scratch\test-packages\_pytest\unittest.py", line 410 in runtest
  File "C:\Users\adila\Downloads\fmeda_app27\scratch\test-packages\_pytest\runner.py", line 184 in pytest_runtest_call
  File "C:\Users\adila\Downloads\fmeda_app27\scratch\test-packages\pluggy\_callers.py", line 121 in _multicall
  File "C:\Users\adila\Downloads\fmeda_app27\scratch\test-packages\pluggy\_manager.py", line 120 in _hookexec
  File "C:\Users\adila\Downloads\fmeda_app27\scratch\test-packages\pluggy\_hooks.py", line 512 in __call__
  File "C:\Users\adila\Downloads\fmeda_app27\scratch\test-packages\_pytest\runner.py", line 250 in <lambda>
  File "C:\Users\adila\Downloads\fmeda_app27\scratch\test-packages\_pytest\runner.py", line 361 in from_call
  File "C:\Users\adila\Downloads\fmeda_app27\scratch\test-packages\_pytest\runner.py", line 249 in call_and_report
  File "C:\Users\adila\Downloads\fmeda_app27\scratch\test-packages\_pytest\runner.py", line 139 in runtestprotocol
  File "C:\Users\adila\Downloads\fmeda_app27\scratch\test-packages\_pytest\runner.py", line 118 in pytest_runtest_protocol
  File "C:\Users\adila\Downloads\fmeda_app27\scratch\test-packages\pluggy\_callers.py", line 121 in _multicall
  File "C:\Users\adila\Downloads\fmeda_app27\scratch\test-packages\pluggy\_manager.py", line 120 in _hookexec
  File "C:\Users\adila\Downloads\fmeda_app27\scratch\test-packages\pluggy\_hooks.py", line 512 in __call__
  File "C:\Users\adila\Downloads\fmeda_app27\scratch\test-packages\_pytest\main.py", line 408 in pytest_runtestloop
  File "C:\Users\adila\Downloads\fmeda_app27\scratch\test-packages\pluggy\_callers.py", line 121 in _multicall
  File "C:\Users\adila\Downloads\fmeda_app27\scratch\test-packages\pluggy\_manager.py", line 120 in _hookexec
  File "C:\Users\adila\Downloads\fmeda_app27\scratch\test-packages\pluggy\_hooks.py", line 512 in __call__
  File "C:\Users\adila\Downloads\fmeda_app27\scratch\test-packages\_pytest\main.py", line 384 in _main
  File "C:\Users\adila\Downloads\fmeda_app27\scratch\test-packages\_pytest\main.py", line 330 in wrap_session
  File "C:\Users\adila\Downloads\fmeda_app27\scratch\test-packages\_pytest\main.py", line 377 in pytest_cmdline_main
  File "C:\Users\adila\Downloads\fmeda_app27\scratch\test-packages\pluggy\_callers.py", line 121 in _multicall
  File "C:\Users\adila\Downloads\fmeda_app27\scratch\test-packages\pluggy\_manager.py", line 120 in _hookexec
  File "C:\Users\adila\Downloads\fmeda_app27\scratch\test-packages\pluggy\_hooks.py", line 512 in __call__
  File "C:\Users\adila\Downloads\fmeda_app27\scratch\test-packages\_pytest\config\__init__.py", line 229 in _main
  File "C:\Users\adila\Downloads\fmeda_app27\scratch\test-packages\_pytest\config\__init__.py", line 253 in _console_main
  File "C:\Users\adila\Downloads\fmeda_app27\scratch\test-packages\pytest\__main__.py", line 9 in <module>
  File "<frozen runpy>", line 88 in _run_code
  File "<frozen runpy>", line 198 in _run_module_as_main
Windows fatal exception: code 0x80040155

Current thread 0x000059a8 (most recent call first):
  File "C:\Users\adila\Downloads\fmeda_app27\fmeda_tool\services\export_service.py", line 816 in export_to_pdf
  File "C:\Users\adila\Downloads\fmeda_app27\tests\test_increment6.py", line 143 in test_pdf_export_service
  File "C:\Users\adila\.cache\codex-runtimes\codex-primary-runtime\dependencies\python\Lib\unittest\case.py", line 589 in _callTestMethod
  File "C:\Users\adila\.cache\codex-runtimes\codex-primary-runtime\dependencies\python\Lib\unittest\case.py", line 634 in run
  File "C:\Users\adila\.cache\codex-runtimes\codex-primary-runtime\dependencies\python\Lib\unittest\case.py", line 690 in __call__
  File "C:\Users\adila\Downloads\fmeda_app27\scratch\test-packages\_pytest\unittest.py", line 410 in runtest
  File "C:\Users\adila\Downloads\fmeda_app27\scratch\test-packages\_pytest\runner.py", line 184 in pytest_runtest_call
  File "C:\Users\adila\Downloads\fmeda_app27\scratch\test-packages\pluggy\_callers.py", line 121 in _multicall
  File "C:\Users\adila\Downloads\fmeda_app27\scratch\test-packages\pluggy\_manager.py", line 120 in _hookexec
  File "C:\Users\adila\Downloads\fmeda_app27\scratch\test-packages\pluggy\_hooks.py", line 512 in __call__
  File "C:\Users\adila\Downloads\fmeda_app27\scratch\test-packages\_pytest\runner.py", line 250 in <lambda>
  File "C:\Users\adila\Downloads\fmeda_app27\scratch\test-packages\_pytest\runner.py", line 361 in from_call
  File "C:\Users\adila\Downloads\fmeda_app27\scratch\test-packages\_pytest\runner.py", line 249 in call_and_report
  File "C:\Users\adila\Downloads\fmeda_app27\scratch\test-packages\_pytest\runner.py", line 139 in runtestprotocol
  File "C:\Users\adila\Downloads\fmeda_app27\scratch\test-packages\_pytest\runner.py", line 118 in pytest_runtest_protocol
  File "C:\Users\adila\Downloads\fmeda_app27\scratch\test-packages\pluggy\_callers.py", line 121 in _multicall
  File "C:\Users\adila\Downloads\fmeda_app27\scratch\test-packages\pluggy\_manager.py", line 120 in _hookexec
  File "C:\Users\adila\Downloads\fmeda_app27\scratch\test-packages\pluggy\_hooks.py", line 512 in __call__
  File "C:\Users\adila\Downloads\fmeda_app27\scratch\test-packages\_pytest\main.py", line 408 in pytest_runtestloop
  File "C:\Users\adila\Downloads\fmeda_app27\scratch\test-packages\pluggy\_callers.py", line 121 in _multicall
  File "C:\Users\adila\Downloads\fmeda_app27\scratch\test-packages\pluggy\_manager.py", line 120 in _hookexec
  File "C:\Users\adila\Downloads\fmeda_app27\scratch\test-packages\pluggy\_hooks.py", line 512 in __call__
  File "C:\Users\adila\Downloads\fmeda_app27\scratch\test-packages\_pytest\main.py", line 384 in _main
  File "C:\Users\adila\Downloads\fmeda_app27\scratch\test-packages\_pytest\main.py", line 330 in wrap_session
  File "C:\Users\adila\Downloads\fmeda_app27\scratch\test-packages\_pytest\main.py", line 377 in pytest_cmdline_main
  File "C:\Users\adila\Downloads\fmeda_app27\scratch\test-packages\pluggy\_callers.py", line 121 in _multicall
  File "C:\Users\adila\Downloads\fmeda_app27\scratch\test-packages\pluggy\_manager.py", line 120 in _hookexec
  File "C:\Users\adila\Downloads\fmeda_app27\scratch\test-packages\pluggy\_hooks.py", line 512 in __call__
  File "C:\Users\adila\Downloads\fmeda_app27\scratch\test-packages\_pytest\config\__init__.py", line 229 in _main
  File "C:\Users\adila\Downloads\fmeda_app27\scratch\test-packages\_pytest\config\__init__.py", line 253 in _console_main
  File "C:\Users\adila\Downloads\fmeda_app27\scratch\test-packages\pytest\__main__.py", line 9 in <module>
  File "<frozen runpy>", line 88 in _run_code
  File "<frozen runpy>", line 198 in _run_module_as_main
Windows fatal exception: code 0x80040155

Thread 0x000059a8 (most recent call first):
  File "C:\Users\adila\Downloads\fmeda_app27\fmeda_tool\services\export_service.py", line 816 in export_to_pdf
  File "C:\Users\adila\Downloads\fmeda_app27\tests\test_increment6.py", line 143 in test_pdf_export_service
  File "C:\Users\adila\.cache\codex-runtimes\codex-primary-runtime\dependencies\python\Lib\unittest\case.py", line 589 in _callTestMethod
  File "C:\Users\adila\.cache\codex-runtimes\codex-primary-runtime\dependencies\python\Lib\unittest\case.py", line 634 in run
  File "C:\Users\adila\.cache\codex-runtimes\codex-primary-runtime\dependencies\python\Lib\unittest\case.py", line 690 in __call__
  File "C:\Users\adila\Downloads\fmeda_app27\scratch\test-packages\_pytest\unittest.py", line 410 in runtest
  File "C:\Users\adila\Downloads\fmeda_app27\scratch\test-packages\_pytest\runner.py", line 184 in pytest_runtest_call
  File "C:\Users\adila\Downloads\fmeda_app27\scratch\test-packages\pluggy\_callers.py", line 121 in _multicall
  File "C:\Users\adila\Downloads\fmeda_app27\scratch\test-packages\pluggy\_manager.py", line 120 in _hookexec
  File "C:\Users\adila\Downloads\fmeda_app27\scratch\test-packages\pluggy\_hooks.py", line 512 in __call__
  File "C:\Users\adila\Downloads\fmeda_app27\scratch\test-packages\_pytest\runner.py", line 250 in <lambda>
  File "C:\Users\adila\Downloads\fmeda_app27\scratch\test-packages\_pytest\runner.py", line 361 in from_call
  File "C:\Users\adila\Downloads\fmeda_app27\scratch\test-packages\_pytest\runner.py", line 249 in call_and_report
  File "C:\Users\adila\Downloads\fmeda_app27\scratch\test-packages\_pytest\runner.py", line 139 in runtestprotocol
  File "C:\Users\adila\Downloads\fmeda_app27\scratch\test-packages\_pytest\runner.py", line 118 in pytest_runtest_protocol
  File "C:\Users\adila\Downloads\fmeda_app27\scratch\test-packages\pluggy\_callers.py", line 121 in _multicall
  File "C:\Users\adila\Downloads\fmeda_app27\scratch\test-packages\pluggy\_manager.py", line 120 in _hookexec
  File "C:\Users\adila\Downloads\fmeda_app27\scratch\test-packages\pluggy\_hooks.py", line 512 in __call__
  File "C:\Users\adila\Downloads\fmeda_app27\scratch\test-packages\_pytest\main.py", line 408 in pytest_runtestloop
  File "C:\Users\adila\Downloads\fmeda_app27\scratch\test-packages\pluggy\_callers.py", line 121 in _multicall
  File "C:\Users\adila\Downloads\fmeda_app27\scratch\test-packages\pluggy\_manager.py", line 120 in _hookexec
  File "C:\Users\adila\Downloads\fmeda_app27\scratch\test-packages\pluggy\_hooks.py", line 512 in __call__
  File "C:\Users\adila\Downloads\fmeda_app27\scratch\test-packages\_pytest\main.py", line 384 in _main
  File "C:\Users\adila\Downloads\fmeda_app27\scratch\test-packages\_pytest\main.py", line 330 in wrap_session
  File "C:\Users\adila\Downloads\fmeda_app27\scratch\test-packages\_pytest\main.py", line 377 in pytest_cmdline_main
  File "C:\Users\adila\Downloads\fmeda_app27\scratch\test-packages\pluggy\_callers.py", line 121 in _multicall
  File "C:\Users\adila\Downloads\fmeda_app27\scratch\test-packages\pluggy\_manager.py", line 120 in _hookexec
  File "C:\Users\adila\Downloads\fmeda_app27\scratch\test-packages\pluggy\_hooks.py", line 512 in __call__
  File "C:\Users\adila\Downloads\fmeda_app27\scratch\test-packages\_pytest\config\__init__.py", line 229 in _main
  File "C:\Users\adila\Downloads\fmeda_app27\scratch\test-packages\_pytest\config\__init__.py", line 253 in _console_main
  File "C:\Users\adila\Downloads\fmeda_app27\scratch\test-packages\pytest\__main__.py", line 9 in <module>
  File "<frozen runpy>", line 88 in _run_code
  File "<frozen runpy>", line 198 in _run_module_as_main
Windows fatal exception: code 0x80040155

Current thread 0x000059a8 (most recent call first):
  File "C:\Users\adila\Downloads\fmeda_app27\fmeda_tool\services\export_service.py", line 816 in export_to_pdf
  File "C:\Users\adila\Downloads\fmeda_app27\tests\test_increment6.py", line 143 in test_pdf_export_service
  File "C:\Users\adila\.cache\codex-runtimes\codex-primary-runtime\dependencies\python\Lib\unittest\case.py", line 589 in _callTestMethod
  File "C:\Users\adila\.cache\codex-runtimes\codex-primary-runtime\dependencies\python\Lib\unittest\case.py", line 634 in run
  File "C:\Users\adila\.cache\codex-runtimes\codex-primary-runtime\dependencies\python\Lib\unittest\case.py", line 690 in __call__
  File "C:\Users\adila\Downloads\fmeda_app27\scratch\test-packages\_pytest\unittest.py", line 410 in runtest
  File "C:\Users\adila\Downloads\fmeda_app27\scratch\test-packages\_pytest\runner.py", line 184 in pytest_runtest_call
  File "C:\Users\adila\Downloads\fmeda_app27\scratch\test-packages\pluggy\_callers.py", line 121 in _multicall
  File "C:\Users\adila\Downloads\fmeda_app27\scratch\test-packages\pluggy\_manager.py", line 120 in _hookexec
  File "C:\Users\adila\Downloads\fmeda_app27\scratch\test-packages\pluggy\_hooks.py", line 512 in __call__
  File "C:\Users\adila\Downloads\fmeda_app27\scratch\test-packages\_pytest\runner.py", line 250 in <lambda>
  File "C:\Users\adila\Downloads\fmeda_app27\scratch\test-packages\_pytest\runner.py", line 361 in from_call
  File "C:\Users\adila\Downloads\fmeda_app27\scratch\test-packages\_pytest\runner.py", line 249 in call_and_report
  File "C:\Users\adila\Downloads\fmeda_app27\scratch\test-packages\_pytest\runner.py", line 139 in runtestprotocol
  File "C:\Users\adila\Downloads\fmeda_app27\scratch\test-packages\_pytest\runner.py", line 118 in pytest_runtest_protocol
  File "C:\Users\adila\Downloads\fmeda_app27\scratch\test-packages\pluggy\_callers.py", line 121 in _multicall
  File "C:\Users\adila\Downloads\fmeda_app27\scratch\test-packages\pluggy\_manager.py", line 120 in _hookexec
  File "C:\Users\adila\Downloads\fmeda_app27\scratch\test-packages\pluggy\_hooks.py", line 512 in __call__
  File "C:\Users\adila\Downloads\fmeda_app27\scratch\test-packages\_pytest\main.py", line 408 in pytest_runtestloop
  File "C:\Users\adila\Downloads\fmeda_app27\scratch\test-packages\pluggy\_callers.py", line 121 in _multicall
  File "C:\Users\adila\Downloads\fmeda_app27\scratch\test-packages\pluggy\_manager.py", line 120 in _hookexec
  File "C:\Users\adila\Downloads\fmeda_app27\scratch\test-packages\pluggy\_hooks.py", line 512 in __call__
  File "C:\Users\adila\Downloads\fmeda_app27\scratch\test-packages\_pytest\main.py", line 384 in _main
  File "C:\Users\adila\Downloads\fmeda_app27\scratch\test-packages\_pytest\main.py", line 330 in wrap_session
  File "C:\Users\adila\Downloads\fmeda_app27\scratch\test-packages\_pytest\main.py", line 377 in pytest_cmdline_main
  File "C:\Users\adila\Downloads\fmeda_app27\scratch\test-packages\pluggy\_callers.py", line 121 in _multicall
  File "C:\Users\adila\Downloads\fmeda_app27\scratch\test-packages\pluggy\_manager.py", line 120 in _hookexec
  File "C:\Users\adila\Downloads\fmeda_app27\scratch\test-packages\pluggy\_hooks.py", line 512 in __call__
  File "C:\Users\adila\Downloads\fmeda_app27\scratch\test-packages\_pytest\config\__init__.py", line 229 in _main
  File "C:\Users\adila\Downloads\fmeda_app27\scratch\test-packages\_pytest\config\__init__.py", line 253 in _console_main
  File "C:\Users\adila\Downloads\fmeda_app27\scratch\test-packages\pytest\__main__.py", line 9 in <module>
  File "<frozen runpy>", line 88 in _run_code
  File "<frozen runpy>", line 198 in _run_module_as_main
Windows fatal exception: code 0x80040155

Thread 0x000059a8 (most recent call first):
  File "C:\Users\adila\Downloads\fmeda_app27\fmeda_tool\services\export_service.py", line 816 in export_to_pdf
  File "C:\Users\adila\Downloads\fmeda_app27\tests\test_increment6.py", line 143 in test_pdf_export_service
  File "C:\Users\adila\.cache\codex-runtimes\codex-primary-runtime\dependencies\python\Lib\unittest\case.py", line 589 in _callTestMethod
  File "C:\Users\adila\.cache\codex-runtimes\codex-primary-runtime\dependencies\python\Lib\unittest\case.py", line 634 in run
  File "C:\Users\adila\.cache\codex-runtimes\codex-primary-runtime\dependencies\python\Lib\unittest\case.py", line 690 in __call__
  File "C:\Users\adila\Downloads\fmeda_app27\scratch\test-packages\_pytest\unittest.py", line 410 in runtest
  File "C:\Users\adila\Downloads\fmeda_app27\scratch\test-packages\_pytest\runner.py", line 184 in pytest_runtest_call
  File "C:\Users\adila\Downloads\fmeda_app27\scratch\test-packages\pluggy\_callers.py", line 121 in _multicall
  File "C:\Users\adila\Downloads\fmeda_app27\scratch\test-packages\pluggy\_manager.py", line 120 in _hookexec
  File "C:\Users\adila\Downloads\fmeda_app27\scratch\test-packages\pluggy\_hooks.py", line 512 in __call__
  File "C:\Users\adila\Downloads\fmeda_app27\scratch\test-packages\_pytest\runner.py", line 250 in <lambda>
  File "C:\Users\adila\Downloads\fmeda_app27\scratch\test-packages\_pytest\runner.py", line 361 in from_call
  File "C:\Users\adila\Downloads\fmeda_app27\scratch\test-packages\_pytest\runner.py", line 249 in call_and_report
  File "C:\Users\adila\Downloads\fmeda_app27\scratch\test-packages\_pytest\runner.py", line 139 in runtestprotocol
  File "C:\Users\adila\Downloads\fmeda_app27\scratch\test-packages\_pytest\runner.py", line 118 in pytest_runtest_protocol
  File "C:\Users\adila\Downloads\fmeda_app27\scratch\test-packages\pluggy\_callers.py", line 121 in _multicall
  File "C:\Users\adila\Downloads\fmeda_app27\scratch\test-packages\pluggy\_manager.py", line 120 in _hookexec
  File "C:\Users\adila\Downloads\fmeda_app27\scratch\test-packages\pluggy\_hooks.py", line 512 in __call__
  File "C:\Users\adila\Downloads\fmeda_app27\scratch\test-packages\_pytest\main.py", line 408 in pytest_runtestloop
  File "C:\Users\adila\Downloads\fmeda_app27\scratch\test-packages\pluggy\_callers.py", line 121 in _multicall
  File "C:\Users\adila\Downloads\fmeda_app27\scratch\test-packages\pluggy\_manager.py", line 120 in _hookexec
  File "C:\Users\adila\Downloads\fmeda_app27\scratch\test-packages\pluggy\_hooks.py", line 512 in __call__
  File "C:\Users\adila\Downloads\fmeda_app27\scratch\test-packages\_pytest\main.py", line 384 in _main
  File "C:\Users\adila\Downloads\fmeda_app27\scratch\test-packages\_pytest\main.py", line 330 in wrap_session
  File "C:\Users\adila\Downloads\fmeda_app27\scratch\test-packages\_pytest\main.py", line 377 in pytest_cmdline_main
  File "C:\Users\adila\Downloads\fmeda_app27\scratch\test-packages\pluggy\_callers.py", line 121 in _multicall
  File "C:\Users\adila\Downloads\fmeda_app27\scratch\test-packages\pluggy\_manager.py", line 120 in _hookexec
  File "C:\Users\adila\Downloads\fmeda_app27\scratch\test-packages\pluggy\_hooks.py", line 512 in __call__
  File "C:\Users\adila\Downloads\fmeda_app27\scratch\test-packages\_pytest\config\__init__.py", line 229 in _main
  File "C:\Users\adila\Downloads\fmeda_app27\scratch\test-packages\_pytest\config\__init__.py", line 253 in _console_main
  File "C:\Users\adila\Downloads\fmeda_app27\scratch\test-packages\pytest\__main__.py", line 9 in <module>
  File "<frozen runpy>", line 88 in _run_code
  File "<frozen runpy>", line 198 in _run_module_as_main
Windows fatal exception: code 0x80040155

Current thread 0x000059a8 (most recent call first):
  File "C:\Users\adila\Downloads\fmeda_app27\fmeda_tool\services\export_service.py", line 816 in export_to_pdf
  File "C:\Users\adila\Downloads\fmeda_app27\tests\test_increment6.py", line 143 in test_pdf_export_service
  File "C:\Users\adila\.cache\codex-runtimes\codex-primary-runtime\dependencies\python\Lib\unittest\case.py", line 589 in _callTestMethod
  File "C:\Users\adila\.cache\codex-runtimes\codex-primary-runtime\dependencies\python\Lib\unittest\case.py", line 634 in run
  File "C:\Users\adila\.cache\codex-runtimes\codex-primary-runtime\dependencies\python\Lib\unittest\case.py", line 690 in __call__
  File "C:\Users\adila\Downloads\fmeda_app27\scratch\test-packages\_pytest\unittest.py", line 410 in runtest
  File "C:\Users\adila\Downloads\fmeda_app27\scratch\test-packages\_pytest\runner.py", line 184 in pytest_runtest_call
  File "C:\Users\adila\Downloads\fmeda_app27\scratch\test-packages\pluggy\_callers.py", line 121 in _multicall
  File "C:\Users\adila\Downloads\fmeda_app27\scratch\test-packages\pluggy\_manager.py", line 120 in _hookexec
  File "C:\Users\adila\Downloads\fmeda_app27\scratch\test-packages\pluggy\_hooks.py", line 512 in __call__
  File "C:\Users\adila\Downloads\fmeda_app27\scratch\test-packages\_pytest\runner.py", line 250 in <lambda>
  File "C:\Users\adila\Downloads\fmeda_app27\scratch\test-packages\_pytest\runner.py", line 361 in from_call
  File "C:\Users\adila\Downloads\fmeda_app27\scratch\test-packages\_pytest\runner.py", line 249 in call_and_report
  File "C:\Users\adila\Downloads\fmeda_app27\scratch\test-packages\_pytest\runner.py", line 139 in runtestprotocol
  File "C:\Users\adila\Downloads\fmeda_app27\scratch\test-packages\_pytest\runner.py", line 118 in pytest_runtest_protocol
  File "C:\Users\adila\Downloads\fmeda_app27\scratch\test-packages\pluggy\_callers.py", line 121 in _multicall
  File "C:\Users\adila\Downloads\fmeda_app27\scratch\test-packages\pluggy\_manager.py", line 120 in _hookexec
  File "C:\Users\adila\Downloads\fmeda_app27\scratch\test-packages\pluggy\_hooks.py", line 512 in __call__
  File "C:\Users\adila\Downloads\fmeda_app27\scratch\test-packages\_pytest\main.py", line 408 in pytest_runtestloop
  File "C:\Users\adila\Downloads\fmeda_app27\scratch\test-packages\pluggy\_callers.py", line 121 in _multicall
  File "C:\Users\adila\Downloads\fmeda_app27\scratch\test-packages\pluggy\_manager.py", line 120 in _hookexec
  File "C:\Users\adila\Downloads\fmeda_app27\scratch\test-packages\pluggy\_hooks.py", line 512 in __call__
  File "C:\Users\adila\Downloads\fmeda_app27\scratch\test-packages\_pytest\main.py", line 384 in _main
  File "C:\Users\adila\Downloads\fmeda_app27\scratch\test-packages\_pytest\main.py", line 330 in wrap_session
  File "C:\Users\adila\Downloads\fmeda_app27\scratch\test-packages\_pytest\main.py", line 377 in pytest_cmdline_main
  File "C:\Users\adila\Downloads\fmeda_app27\scratch\test-packages\pluggy\_callers.py", line 121 in _multicall
  File "C:\Users\adila\Downloads\fmeda_app27\scratch\test-packages\pluggy\_manager.py", line 120 in _hookexec
  File "C:\Users\adila\Downloads\fmeda_app27\scratch\test-packages\pluggy\_hooks.py", line 512 in __call__
  File "C:\Users\adila\Downloads\fmeda_app27\scratch\test-packages\_pytest\config\__init__.py", line 229 in _main
  File "C:\Users\adila\Downloads\fmeda_app27\scratch\test-packages\_pytest\config\__init__.py", line 253 in _console_main
  File "C:\Users\adila\Downloads\fmeda_app27\scratch\test-packages\pytest\__main__.py", line 9 in <module>
  File "<frozen runpy>", line 88 in _run_code
  File "<frozen runpy>", line 198 in _run_module_as_main
Windows fatal exception: code 0x80040155

Thread 0x000059a8 (most recent call first):
  File "C:\Users\adila\Downloads\fmeda_app27\fmeda_tool\services\export_service.py", line 816 in export_to_pdf
  File "C:\Users\adila\Downloads\fmeda_app27\tests\test_increment6.py", line 143 in test_pdf_export_service
  File "C:\Users\adila\.cache\codex-runtimes\codex-primary-runtime\dependencies\python\Lib\unittest\case.py", line 589 in _callTestMethod
  File "C:\Users\adila\.cache\codex-runtimes\codex-primary-runtime\dependencies\python\Lib\unittest\case.py", line 634 in run
  File "C:\Users\adila\.cache\codex-runtimes\codex-primary-runtime\dependencies\python\Lib\unittest\case.py", line 690 in __call__
  File "C:\Users\adila\Downloads\fmeda_app27\scratch\test-packages\_pytest\unittest.py", line 410 in runtest
  File "C:\Users\adila\Downloads\fmeda_app27\scratch\test-packages\_pytest\runner.py", line 184 in pytest_runtest_call
  File "C:\Users\adila\Downloads\fmeda_app27\scratch\test-packages\pluggy\_callers.py", line 121 in _multicall
  File "C:\Users\adila\Downloads\fmeda_app27\scratch\test-packages\pluggy\_manager.py", line 120 in _hookexec
  File "C:\Users\adila\Downloads\fmeda_app27\scratch\test-packages\pluggy\_hooks.py", line 512 in __call__
  File "C:\Users\adila\Downloads\fmeda_app27\scratch\test-packages\_pytest\runner.py", line 250 in <lambda>
  File "C:\Users\adila\Downloads\fmeda_app27\scratch\test-packages\_pytest\runner.py", line 361 in from_call
  File "C:\Users\adila\Downloads\fmeda_app27\scratch\test-packages\_pytest\runner.py", line 249 in call_and_report
  File "C:\Users\adila\Downloads\fmeda_app27\scratch\test-packages\_pytest\runner.py", line 139 in runtestprotocol
  File "C:\Users\adila\Downloads\fmeda_app27\scratch\test-packages\_pytest\runner.py", line 118 in pytest_runtest_protocol
  File "C:\Users\adila\Downloads\fmeda_app27\scratch\test-packages\pluggy\_callers.py", line 121 in _multicall
  File "C:\Users\adila\Downloads\fmeda_app27\scratch\test-packages\pluggy\_manager.py", line 120 in _hookexec
  File "C:\Users\adila\Downloads\fmeda_app27\scratch\test-packages\pluggy\_hooks.py", line 512 in __call__
  File "C:\Users\adila\Downloads\fmeda_app27\scratch\test-packages\_pytest\main.py", line 408 in pytest_runtestloop
  File "C:\Users\adila\Downloads\fmeda_app27\scratch\test-packages\pluggy\_callers.py", line 121 in _multicall
  File "C:\Users\adila\Downloads\fmeda_app27\scratch\test-packages\pluggy\_manager.py", line 120 in _hookexec
  File "C:\Users\adila\Downloads\fmeda_app27\scratch\test-packages\pluggy\_hooks.py", line 512 in __call__
  File "C:\Users\adila\Downloads\fmeda_app27\scratch\test-packages\_pytest\main.py", line 384 in _main
  File "C:\Users\adila\Downloads\fmeda_app27\scratch\test-packages\_pytest\main.py", line 330 in wrap_session
  File "C:\Users\adila\Downloads\fmeda_app27\scratch\test-packages\_pytest\main.py", line 377 in pytest_cmdline_main
  File "C:\Users\adila\Downloads\fmeda_app27\scratch\test-packages\pluggy\_callers.py", line 121 in _multicall
  File "C:\Users\adila\Downloads\fmeda_app27\scratch\test-packages\pluggy\_manager.py", line 120 in _hookexec
  File "C:\Users\adila\Downloads\fmeda_app27\scratch\test-packages\pluggy\_hooks.py", line 512 in __call__
  File "C:\Users\adila\Downloads\fmeda_app27\scratch\test-packages\_pytest\config\__init__.py", line 229 in _main
  File "C:\Users\adila\Downloads\fmeda_app27\scratch\test-packages\_pytest\config\__init__.py", line 253 in _console_main
  File "C:\Users\adila\Downloads\fmeda_app27\scratch\test-packages\pytest\__main__.py", line 9 in <module>
  File "<frozen runpy>", line 88 in _run_code
  File "<frozen runpy>", line 198 in _run_module_as_main
Windows fatal exception: code 0x80040155

Current thread 0x000059a8 (most recent call first):
  File "C:\Users\adila\Downloads\fmeda_app27\fmeda_tool\services\export_service.py", line 816 in export_to_pdf
  File "C:\Users\adila\Downloads\fmeda_app27\tests\test_increment6.py", line 143 in test_pdf_export_service
  File "C:\Users\adila\.cache\codex-runtimes\codex-primary-runtime\dependencies\python\Lib\unittest\case.py", line 589 in _callTestMethod
  File "C:\Users\adila\.cache\codex-runtimes\codex-primary-runtime\dependencies\python\Lib\unittest\case.py", line 634 in run
  File "C:\Users\adila\.cache\codex-runtimes\codex-primary-runtime\dependencies\python\Lib\unittest\case.py", line 690 in __call__
  File "C:\Users\adila\Downloads\fmeda_app27\scratch\test-packages\_pytest\unittest.py", line 410 in runtest
  File "C:\Users\adila\Downloads\fmeda_app27\scratch\test-packages\_pytest\runner.py", line 184 in pytest_runtest_call
  File "C:\Users\adila\Downloads\fmeda_app27\scratch\test-packages\pluggy\_callers.py", line 121 in _multicall
  File "C:\Users\adila\Downloads\fmeda_app27\scratch\test-packages\pluggy\_manager.py", line 120 in _hookexec
  File "C:\Users\adila\Downloads\fmeda_app27\scratch\test-packages\pluggy\_hooks.py", line 512 in __call__
  File "C:\Users\adila\Downloads\fmeda_app27\scratch\test-packages\_pytest\runner.py", line 250 in <lambda>
  File "C:\Users\adila\Downloads\fmeda_app27\scratch\test-packages\_pytest\runner.py", line 361 in from_call
  File "C:\Users\adila\Downloads\fmeda_app27\scratch\test-packages\_pytest\runner.py", line 249 in call_and_report
  File "C:\Users\adila\Downloads\fmeda_app27\scratch\test-packages\_pytest\runner.py", line 139 in runtestprotocol
  File "C:\Users\adila\Downloads\fmeda_app27\scratch\test-packages\_pytest\runner.py", line 118 in pytest_runtest_protocol
  File "C:\Users\adila\Downloads\fmeda_app27\scratch\test-packages\pluggy\_callers.py", line 121 in _multicall
  File "C:\Users\adila\Downloads\fmeda_app27\scratch\test-packages\pluggy\_manager.py", line 120 in _hookexec
  File "C:\Users\adila\Downloads\fmeda_app27\scratch\test-packages\pluggy\_hooks.py", line 512 in __call__
  File "C:\Users\adila\Downloads\fmeda_app27\scratch\test-packages\_pytest\main.py", line 408 in pytest_runtestloop
  File "C:\Users\adila\Downloads\fmeda_app27\scratch\test-packages\pluggy\_callers.py", line 121 in _multicall
  File "C:\Users\adila\Downloads\fmeda_app27\scratch\test-packages\pluggy\_manager.py", line 120 in _hookexec
  File "C:\Users\adila\Downloads\fmeda_app27\scratch\test-packages\pluggy\_hooks.py", line 512 in __call__
  File "C:\Users\adila\Downloads\fmeda_app27\scratch\test-packages\_pytest\main.py", line 384 in _main
  File "C:\Users\adila\Downloads\fmeda_app27\scratch\test-packages\_pytest\main.py", line 330 in wrap_session
  File "C:\Users\adila\Downloads\fmeda_app27\scratch\test-packages\_pytest\main.py", line 377 in pytest_cmdline_main
  File "C:\Users\adila\Downloads\fmeda_app27\scratch\test-packages\pluggy\_callers.py", line 121 in _multicall
  File "C:\Users\adila\Downloads\fmeda_app27\scratch\test-packages\pluggy\_manager.py", line 120 in _hookexec
  File "C:\Users\adila\Downloads\fmeda_app27\scratch\test-packages\pluggy\_hooks.py", line 512 in __call__
  File "C:\Users\adila\Downloads\fmeda_app27\scratch\test-packages\_pytest\config\__init__.py", line 229 in _main
  File "C:\Users\adila\Downloads\fmeda_app27\scratch\test-packages\_pytest\config\__init__.py", line 253 in _console_main
  File "C:\Users\adila\Downloads\fmeda_app27\scratch\test-packages\pytest\__main__.py", line 9 in <module>
  File "<frozen runpy>", line 88 in _run_code
  File "<frozen runpy>", line 198 in _run_module_as_main
Windows fatal exception: code 0x80040155

Thread 0x000059a8 (most recent call first):
  File "C:\Users\adila\Downloads\fmeda_app27\fmeda_tool\services\export_service.py", line 816 in export_to_pdf
  File "C:\Users\adila\Downloads\fmeda_app27\tests\test_increment6.py", line 143 in test_pdf_export_service
  File "C:\Users\adila\.cache\codex-runtimes\codex-primary-runtime\dependencies\python\Lib\unittest\case.py", line 589 in _callTestMethod
  File "C:\Users\adila\.cache\codex-runtimes\codex-primary-runtime\dependencies\python\Lib\unittest\case.py", line 634 in run
  File "C:\Users\adila\.cache\codex-runtimes\codex-primary-runtime\dependencies\python\Lib\unittest\case.py", line 690 in __call__
  File "C:\Users\adila\Downloads\fmeda_app27\scratch\test-packages\_pytest\unittest.py", line 410 in runtest
  File "C:\Users\adila\Downloads\fmeda_app27\scratch\test-packages\_pytest\runner.py", line 184 in pytest_runtest_call
  File "C:\Users\adila\Downloads\fmeda_app27\scratch\test-packages\pluggy\_callers.py", line 121 in _multicall
  File "C:\Users\adila\Downloads\fmeda_app27\scratch\test-packages\pluggy\_manager.py", line 120 in _hookexec
  File "C:\Users\adila\Downloads\fmeda_app27\scratch\test-packages\pluggy\_hooks.py", line 512 in __call__
  File "C:\Users\adila\Downloads\fmeda_app27\scratch\test-packages\_pytest\runner.py", line 250 in <lambda>
  File "C:\Users\adila\Downloads\fmeda_app27\scratch\test-packages\_pytest\runner.py", line 361 in from_call
  File "C:\Users\adila\Downloads\fmeda_app27\scratch\test-packages\_pytest\runner.py", line 249 in call_and_report
  File "C:\Users\adila\Downloads\fmeda_app27\scratch\test-packages\_pytest\runner.py", line 139 in runtestprotocol
  File "C:\Users\adila\Downloads\fmeda_app27\scratch\test-packages\_pytest\runner.py", line 118 in pytest_runtest_protocol
  File "C:\Users\adila\Downloads\fmeda_app27\scratch\test-packages\pluggy\_callers.py", line 121 in _multicall
  File "C:\Users\adila\Downloads\fmeda_app27\scratch\test-packages\pluggy\_manager.py", line 120 in _hookexec
  File "C:\Users\adila\Downloads\fmeda_app27\scratch\test-packages\pluggy\_hooks.py", line 512 in __call__
  File "C:\Users\adila\Downloads\fmeda_app27\scratch\test-packages\_pytest\main.py", line 408 in pytest_runtestloop
  File "C:\Users\adila\Downloads\fmeda_app27\scratch\test-packages\pluggy\_callers.py", line 121 in _multicall
  File "C:\Users\adila\Downloads\fmeda_app27\scratch\test-packages\pluggy\_manager.py", line 120 in _hookexec
  File "C:\Users\adila\Downloads\fmeda_app27\scratch\test-packages\pluggy\_hooks.py", line 512 in __call__
  File "C:\Users\adila\Downloads\fmeda_app27\scratch\test-packages\_pytest\main.py", line 384 in _main
  File "C:\Users\adila\Downloads\fmeda_app27\scratch\test-packages\_pytest\main.py", line 330 in wrap_session
  File "C:\Users\adila\Downloads\fmeda_app27\scratch\test-packages\_pytest\main.py", line 377 in pytest_cmdline_main
  File "C:\Users\adila\Downloads\fmeda_app27\scratch\test-packages\pluggy\_callers.py", line 121 in _multicall
  File "C:\Users\adila\Downloads\fmeda_app27\scratch\test-packages\pluggy\_manager.py", line 120 in _hookexec
  File "C:\Users\adila\Downloads\fmeda_app27\scratch\test-packages\pluggy\_hooks.py", line 512 in __call__
  File "C:\Users\adila\Downloads\fmeda_app27\scratch\test-packages\_pytest\config\__init__.py", line 229 in _main
  File "C:\Users\adila\Downloads\fmeda_app27\scratch\test-packages\_pytest\config\__init__.py", line 253 in _console_main
  File "C:\Users\adila\Downloads\fmeda_app27\scratch\test-packages\pytest\__main__.py", line 9 in <module>
  File "<frozen runpy>", line 88 in _run_code
  File "<frozen runpy>", line 198 in _run_module_as_main
Windows fatal exception: code 0x80040155

Current thread 0x000059a8 (most recent call first):
  File "C:\Users\adila\Downloads\fmeda_app27\fmeda_tool\services\export_service.py", line 816 in export_to_pdf
  File "C:\Users\adila\Downloads\fmeda_app27\tests\test_increment6.py", line 143 in test_pdf_export_service
  File "C:\Users\adila\.cache\codex-runtimes\codex-primary-runtime\dependencies\python\Lib\unittest\case.py", line 589 in _callTestMethod
  File "C:\Users\adila\.cache\codex-runtimes\codex-primary-runtime\dependencies\python\Lib\unittest\case.py", line 634 in run
  File "C:\Users\adila\.cache\codex-runtimes\codex-primary-runtime\dependencies\python\Lib\unittest\case.py", line 690 in __call__
  File "C:\Users\adila\Downloads\fmeda_app27\scratch\test-packages\_pytest\unittest.py", line 410 in runtest
  File "C:\Users\adila\Downloads\fmeda_app27\scratch\test-packages\_pytest\runner.py", line 184 in pytest_runtest_call
  File "C:\Users\adila\Downloads\fmeda_app27\scratch\test-packages\pluggy\_callers.py", line 121 in _multicall
  File "C:\Users\adila\Downloads\fmeda_app27\scratch\test-packages\pluggy\_manager.py", line 120 in _hookexec
  File "C:\Users\adila\Downloads\fmeda_app27\scratch\test-packages\pluggy\_hooks.py", line 512 in __call__
  File "C:\Users\adila\Downloads\fmeda_app27\scratch\test-packages\_pytest\runner.py", line 250 in <lambda>
  File "C:\Users\adila\Downloads\fmeda_app27\scratch\test-packages\_pytest\runner.py", line 361 in from_call
  File "C:\Users\adila\Downloads\fmeda_app27\scratch\test-packages\_pytest\runner.py", line 249 in call_and_report
  File "C:\Users\adila\Downloads\fmeda_app27\scratch\test-packages\_pytest\runner.py", line 139 in runtestprotocol
  File "C:\Users\adila\Downloads\fmeda_app27\scratch\test-packages\_pytest\runner.py", line 118 in pytest_runtest_protocol
  File "C:\Users\adila\Downloads\fmeda_app27\scratch\test-packages\pluggy\_callers.py", line 121 in _multicall
  File "C:\Users\adila\Downloads\fmeda_app27\scratch\test-packages\pluggy\_manager.py", line 120 in _hookexec
  File "C:\Users\adila\Downloads\fmeda_app27\scratch\test-packages\pluggy\_hooks.py", line 512 in __call__
  File "C:\Users\adila\Downloads\fmeda_app27\scratch\test-packages\_pytest\main.py", line 408 in pytest_runtestloop
  File "C:\Users\adila\Downloads\fmeda_app27\scratch\test-packages\pluggy\_callers.py", line 121 in _multicall
  File "C:\Users\adila\Downloads\fmeda_app27\scratch\test-packages\pluggy\_manager.py", line 120 in _hookexec
  File "C:\Users\adila\Downloads\fmeda_app27\scratch\test-packages\pluggy\_hooks.py", line 512 in __call__
  File "C:\Users\adila\Downloads\fmeda_app27\scratch\test-packages\_pytest\main.py", line 384 in _main
  File "C:\Users\adila\Downloads\fmeda_app27\scratch\test-packages\_pytest\main.py", line 330 in wrap_session
  File "C:\Users\adila\Downloads\fmeda_app27\scratch\test-packages\_pytest\main.py", line 377 in pytest_cmdline_main
  File "C:\Users\adila\Downloads\fmeda_app27\scratch\test-packages\pluggy\_callers.py", line 121 in _multicall
  File "C:\Users\adila\Downloads\fmeda_app27\scratch\test-packages\pluggy\_manager.py", line 120 in _hookexec
  File "C:\Users\adila\Downloads\fmeda_app27\scratch\test-packages\pluggy\_hooks.py", line 512 in __call__
  File "C:\Users\adila\Downloads\fmeda_app27\scratch\test-packages\_pytest\config\__init__.py", line 229 in _main
  File "C:\Users\adila\Downloads\fmeda_app27\scratch\test-packages\_pytest\config\__init__.py", line 253 in _console_main
  File "C:\Users\adila\Downloads\fmeda_app27\scratch\test-packages\pytest\__main__.py", line 9 in <module>
  File "<frozen runpy>", line 88 in _run_code
  File "<frozen runpy>", line 198 in _run_module_as_main
Windows fatal exception: code 0x80040155

Thread 0x000059a8 (most recent call first):
  File "C:\Users\adila\Downloads\fmeda_app27\fmeda_tool\services\export_service.py", line 816 in export_to_pdf
  File "C:\Users\adila\Downloads\fmeda_app27\tests\test_increment6.py", line 143 in test_pdf_export_service
  File "C:\Users\adila\.cache\codex-runtimes\codex-primary-runtime\dependencies\python\Lib\unittest\case.py", line 589 in _callTestMethod
  File "C:\Users\adila\.cache\codex-runtimes\codex-primary-runtime\dependencies\python\Lib\unittest\case.py", line 634 in run
  File "C:\Users\adila\.cache\codex-runtimes\codex-primary-runtime\dependencies\python\Lib\unittest\case.py", line 690 in __call__
  File "C:\Users\adila\Downloads\fmeda_app27\scratch\test-packages\_pytest\unittest.py", line 410 in runtest
  File "C:\Users\adila\Downloads\fmeda_app27\scratch\test-packages\_pytest\runner.py", line 184 in pytest_runtest_call
  File "C:\Users\adila\Downloads\fmeda_app27\scratch\test-packages\pluggy\_callers.py", line 121 in _multicall
  File "C:\Users\adila\Downloads\fmeda_app27\scratch\test-packages\pluggy\_manager.py", line 120 in _hookexec
  File "C:\Users\adila\Downloads\fmeda_app27\scratch\test-packages\pluggy\_hooks.py", line 512 in __call__
  File "C:\Users\adila\Downloads\fmeda_app27\scratch\test-packages\_pytest\runner.py", line 250 in <lambda>
  File "C:\Users\adila\Downloads\fmeda_app27\scratch\test-packages\_pytest\runner.py", line 361 in from_call
  File "C:\Users\adila\Downloads\fmeda_app27\scratch\test-packages\_pytest\runner.py", line 249 in call_and_report
  File "C:\Users\adila\Downloads\fmeda_app27\scratch\test-packages\_pytest\runner.py", line 139 in runtestprotocol
  File "C:\Users\adila\Downloads\fmeda_app27\scratch\test-packages\_pytest\runner.py", line 118 in pytest_runtest_protocol
  File "C:\Users\adila\Downloads\fmeda_app27\scratch\test-packages\pluggy\_callers.py", line 121 in _multicall
  File "C:\Users\adila\Downloads\fmeda_app27\scratch\test-packages\pluggy\_manager.py", line 120 in _hookexec
  File "C:\Users\adila\Downloads\fmeda_app27\scratch\test-packages\pluggy\_hooks.py", line 512 in __call__
  File "C:\Users\adila\Downloads\fmeda_app27\scratch\test-packages\_pytest\main.py", line 408 in pytest_runtestloop
  File "C:\Users\adila\Downloads\fmeda_app27\scratch\test-packages\pluggy\_callers.py", line 121 in _multicall
  File "C:\Users\adila\Downloads\fmeda_app27\scratch\test-packages\pluggy\_manager.py", line 120 in _hookexec
  File "C:\Users\adila\Downloads\fmeda_app27\scratch\test-packages\pluggy\_hooks.py", line 512 in __call__
  File "C:\Users\adila\Downloads\fmeda_app27\scratch\test-packages\_pytest\main.py", line 384 in _main
  File "C:\Users\adila\Downloads\fmeda_app27\scratch\test-packages\_pytest\main.py", line 330 in wrap_session
  File "C:\Users\adila\Downloads\fmeda_app27\scratch\test-packages\_pytest\main.py", line 377 in pytest_cmdline_main
  File "C:\Users\adila\Downloads\fmeda_app27\scratch\test-packages\pluggy\_callers.py", line 121 in _multicall
  File "C:\Users\adila\Downloads\fmeda_app27\scratch\test-packages\pluggy\_manager.py", line 120 in _hookexec
  File "C:\Users\adila\Downloads\fmeda_app27\scratch\test-packages\pluggy\_hooks.py", line 512 in __call__
  File "C:\Users\adila\Downloads\fmeda_app27\scratch\test-packages\_pytest\config\__init__.py", line 229 in _main
  File "C:\Users\adila\Downloads\fmeda_app27\scratch\test-packages\_pytest\config\__init__.py", line 253 in _console_main
  File "C:\Users\adila\Downloads\fmeda_app27\scratch\test-packages\pytest\__main__.py", line 9 in <module>
  File "<frozen runpy>", line 88 in _run_code
  File "<frozen runpy>", line 198 in _run_module_as_main
Windows fatal exception: code 0x80040155

Current thread 0x000059a8 (most recent call first):
  File "C:\Users\adila\Downloads\fmeda_app27\fmeda_tool\services\export_service.py", line 816 in export_to_pdf
  File "C:\Users\adila\Downloads\fmeda_app27\tests\test_increment6.py", line 143 in test_pdf_export_service
  File "C:\Users\adila\.cache\codex-runtimes\codex-primary-runtime\dependencies\python\Lib\unittest\case.py", line 589 in _callTestMethod
  File "C:\Users\adila\.cache\codex-runtimes\codex-primary-runtime\dependencies\python\Lib\unittest\case.py", line 634 in run
  File "C:\Users\adila\.cache\codex-runtimes\codex-primary-runtime\dependencies\python\Lib\unittest\case.py", line 690 in __call__
  File "C:\Users\adila\Downloads\fmeda_app27\scratch\test-packages\_pytest\unittest.py", line 410 in runtest
  File "C:\Users\adila\Downloads\fmeda_app27\scratch\test-packages\_pytest\runner.py", line 184 in pytest_runtest_call
  File "C:\Users\adila\Downloads\fmeda_app27\scratch\test-packages\pluggy\_callers.py", line 121 in _multicall
  File "C:\Users\adila\Downloads\fmeda_app27\scratch\test-packages\pluggy\_manager.py", line 120 in _hookexec
  File "C:\Users\adila\Downloads\fmeda_app27\scratch\test-packages\pluggy\_hooks.py", line 512 in __call__
  File "C:\Users\adila\Downloads\fmeda_app27\scratch\test-packages\_pytest\runner.py", line 250 in <lambda>
  File "C:\Users\adila\Downloads\fmeda_app27\scratch\test-packages\_pytest\runner.py", line 361 in from_call
  File "C:\Users\adila\Downloads\fmeda_app27\scratch\test-packages\_pytest\runner.py", line 249 in call_and_report
  File "C:\Users\adila\Downloads\fmeda_app27\scratch\test-packages\_pytest\runner.py", line 139 in runtestprotocol
  File "C:\Users\adila\Downloads\fmeda_app27\scratch\test-packages\_pytest\runner.py", line 118 in pytest_runtest_protocol
  File "C:\Users\adila\Downloads\fmeda_app27\scratch\test-packages\pluggy\_callers.py", line 121 in _multicall
  File "C:\Users\adila\Downloads\fmeda_app27\scratch\test-packages\pluggy\_manager.py", line 120 in _hookexec
  File "C:\Users\adila\Downloads\fmeda_app27\scratch\test-packages\pluggy\_hooks.py", line 512 in __call__
  File "C:\Users\adila\Downloads\fmeda_app27\scratch\test-packages\_pytest\main.py", line 408 in pytest_runtestloop
  File "C:\Users\adila\Downloads\fmeda_app27\scratch\test-packages\pluggy\_callers.py", line 121 in _multicall
  File "C:\Users\adila\Downloads\fmeda_app27\scratch\test-packages\pluggy\_manager.py", line 120 in _hookexec
  File "C:\Users\adila\Downloads\fmeda_app27\scratch\test-packages\pluggy\_hooks.py", line 512 in __call__
  File "C:\Users\adila\Downloads\fmeda_app27\scratch\test-packages\_pytest\main.py", line 384 in _main
  File "C:\Users\adila\Downloads\fmeda_app27\scratch\test-packages\_pytest\main.py", line 330 in wrap_session
  File "C:\Users\adila\Downloads\fmeda_app27\scratch\test-packages\_pytest\main.py", line 377 in pytest_cmdline_main
  File "C:\Users\adila\Downloads\fmeda_app27\scratch\test-packages\pluggy\_callers.py", line 121 in _multicall
  File "C:\Users\adila\Downloads\fmeda_app27\scratch\test-packages\pluggy\_manager.py", line 120 in _hookexec
  File "C:\Users\adila\Downloads\fmeda_app27\scratch\test-packages\pluggy\_hooks.py", line 512 in __call__
  File "C:\Users\adila\Downloads\fmeda_app27\scratch\test-packages\_pytest\config\__init__.py", line 229 in _main
  File "C:\Users\adila\Downloads\fmeda_app27\scratch\test-packages\_pytest\config\__init__.py", line 253 in _console_main
  File "C:\Users\adila\Downloads\fmeda_app27\scratch\test-packages\pytest\__main__.py", line 9 in <module>
  File "<frozen runpy>", line 88 in _run_code
  File "<frozen runpy>", line 198 in _run_module_as_main
Windows fatal exception: code 0x80040155

Thread 0x000059a8 (most recent call first):
  File "C:\Users\adila\Downloads\fmeda_app27\fmeda_tool\services\export_service.py", line 816 in export_to_pdf
  File "C:\Users\adila\Downloads\fmeda_app27\tests\test_increment6.py", line 143 in test_pdf_export_service
  File "C:\Users\adila\.cache\codex-runtimes\codex-primary-runtime\dependencies\python\Lib\unittest\case.py", line 589 in _callTestMethod
  File "C:\Users\adila\.cache\codex-runtimes\codex-primary-runtime\dependencies\python\Lib\unittest\case.py", line 634 in run
  File "C:\Users\adila\.cache\codex-runtimes\codex-primary-runtime\dependencies\python\Lib\unittest\case.py", line 690 in __call__
  File "C:\Users\adila\Downloads\fmeda_app27\scratch\test-packages\_pytest\unittest.py", line 410 in runtest
  File "C:\Users\adila\Downloads\fmeda_app27\scratch\test-packages\_pytest\runner.py", line 184 in pytest_runtest_call
  File "C:\Users\adila\Downloads\fmeda_app27\scratch\test-packages\pluggy\_callers.py", line 121 in _multicall
  File "C:\Users\adila\Downloads\fmeda_app27\scratch\test-packages\pluggy\_manager.py", line 120 in _hookexec
  File "C:\Users\adila\Downloads\fmeda_app27\scratch\test-packages\pluggy\_hooks.py", line 512 in __call__
  File "C:\Users\adila\Downloads\fmeda_app27\scratch\test-packages\_pytest\runner.py", line 250 in <lambda>
  File "C:\Users\adila\Downloads\fmeda_app27\scratch\test-packages\_pytest\runner.py", line 361 in from_call
  File "C:\Users\adila\Downloads\fmeda_app27\scratch\test-packages\_pytest\runner.py", line 249 in call_and_report
  File "C:\Users\adila\Downloads\fmeda_app27\scratch\test-packages\_pytest\runner.py", line 139 in runtestprotocol
  File "C:\Users\adila\Downloads\fmeda_app27\scratch\test-packages\_pytest\runner.py", line 118 in pytest_runtest_protocol
  File "C:\Users\adila\Downloads\fmeda_app27\scratch\test-packages\pluggy\_callers.py", line 121 in _multicall
  File "C:\Users\adila\Downloads\fmeda_app27\scratch\test-packages\pluggy\_manager.py", line 120 in _hookexec
  File "C:\Users\adila\Downloads\fmeda_app27\scratch\test-packages\pluggy\_hooks.py", line 512 in __call__
  File "C:\Users\adila\Downloads\fmeda_app27\scratch\test-packages\_pytest\main.py", line 408 in pytest_runtestloop
  File "C:\Users\adila\Downloads\fmeda_app27\scratch\test-packages\pluggy\_callers.py", line 121 in _multicall
  File "C:\Users\adila\Downloads\fmeda_app27\scratch\test-packages\pluggy\_manager.py", line 120 in _hookexec
  File "C:\Users\adila\Downloads\fmeda_app27\scratch\test-packages\pluggy\_hooks.py", line 512 in __call__
  File "C:\Users\adila\Downloads\fmeda_app27\scratch\test-packages\_pytest\main.py", line 384 in _main
  File "C:\Users\adila\Downloads\fmeda_app27\scratch\test-packages\_pytest\main.py", line 330 in wrap_session
  File "C:\Users\adila\Downloads\fmeda_app27\scratch\test-packages\_pytest\main.py", line 377 in pytest_cmdline_main
  File "C:\Users\adila\Downloads\fmeda_app27\scratch\test-packages\pluggy\_callers.py", line 121 in _multicall
  File "C:\Users\adila\Downloads\fmeda_app27\scratch\test-packages\pluggy\_manager.py", line 120 in _hookexec
  File "C:\Users\adila\Downloads\fmeda_app27\scratch\test-packages\pluggy\_hooks.py", line 512 in __call__
  File "C:\Users\adila\Downloads\fmeda_app27\scratch\test-packages\_pytest\config\__init__.py", line 229 in _main
  File "C:\Users\adila\Downloads\fmeda_app27\scratch\test-packages\_pytest\config\__init__.py", line 253 in _console_main
  File "C:\Users\adila\Downloads\fmeda_app27\scratch\test-packages\pytest\__main__.py", line 9 in <module>
  File "<frozen runpy>", line 88 in _run_code
  File "<frozen runpy>", line 198 in _run_module_as_main
Windows fatal exception: code 0x80040155

Current thread 0x000059a8 (most recent call first):
  File "C:\Users\adila\Downloads\fmeda_app27\fmeda_tool\services\export_service.py", line 816 in export_to_pdf
  File "C:\Users\adila\Downloads\fmeda_app27\tests\test_increment6.py", line 143 in test_pdf_export_service
  File "C:\Users\adila\.cache\codex-runtimes\codex-primary-runtime\dependencies\python\Lib\unittest\case.py", line 589 in _callTestMethod
  File "C:\Users\adila\.cache\codex-runtimes\codex-primary-runtime\dependencies\python\Lib\unittest\case.py", line 634 in run
  File "C:\Users\adila\.cache\codex-runtimes\codex-primary-runtime\dependencies\python\Lib\unittest\case.py", line 690 in __call__
  File "C:\Users\adila\Downloads\fmeda_app27\scratch\test-packages\_pytest\unittest.py", line 410 in runtest
  File "C:\Users\adila\Downloads\fmeda_app27\scratch\test-packages\_pytest\runner.py", line 184 in pytest_runtest_call
  File "C:\Users\adila\Downloads\fmeda_app27\scratch\test-packages\pluggy\_callers.py", line 121 in _multicall
  File "C:\Users\adila\Downloads\fmeda_app27\scratch\test-packages\pluggy\_manager.py", line 120 in _hookexec
  File "C:\Users\adila\Downloads\fmeda_app27\scratch\test-packages\pluggy\_hooks.py", line 512 in __call__
  File "C:\Users\adila\Downloads\fmeda_app27\scratch\test-packages\_pytest\runner.py", line 250 in <lambda>
  File "C:\Users\adila\Downloads\fmeda_app27\scratch\test-packages\_pytest\runner.py", line 361 in from_call
  File "C:\Users\adila\Downloads\fmeda_app27\scratch\test-packages\_pytest\runner.py", line 249 in call_and_report
  File "C:\Users\adila\Downloads\fmeda_app27\scratch\test-packages\_pytest\runner.py", line 139 in runtestprotocol
  File "C:\Users\adila\Downloads\fmeda_app27\scratch\test-packages\_pytest\runner.py", line 118 in pytest_runtest_protocol
  File "C:\Users\adila\Downloads\fmeda_app27\scratch\test-packages\pluggy\_callers.py", line 121 in _multicall
  File "C:\Users\adila\Downloads\fmeda_app27\scratch\test-packages\pluggy\_manager.py", line 120 in _hookexec
  File "C:\Users\adila\Downloads\fmeda_app27\scratch\test-packages\pluggy\_hooks.py", line 512 in __call__
  File "C:\Users\adila\Downloads\fmeda_app27\scratch\test-packages\_pytest\main.py", line 408 in pytest_runtestloop
  File "C:\Users\adila\Downloads\fmeda_app27\scratch\test-packages\pluggy\_callers.py", line 121 in _multicall
  File "C:\Users\adila\Downloads\fmeda_app27\scratch\test-packages\pluggy\_manager.py", line 120 in _hookexec
  File "C:\Users\adila\Downloads\fmeda_app27\scratch\test-packages\pluggy\_hooks.py", line 512 in __call__
  File "C:\Users\adila\Downloads\fmeda_app27\scratch\test-packages\_pytest\main.py", line 384 in _main
  File "C:\Users\adila\Downloads\fmeda_app27\scratch\test-packages\_pytest\main.py", line 330 in wrap_session
  File "C:\Users\adila\Downloads\fmeda_app27\scratch\test-packages\_pytest\main.py", line 377 in pytest_cmdline_main
  File "C:\Users\adila\Downloads\fmeda_app27\scratch\test-packages\pluggy\_callers.py", line 121 in _multicall
  File "C:\Users\adila\Downloads\fmeda_app27\scratch\test-packages\pluggy\_manager.py", line 120 in _hookexec
  File "C:\Users\adila\Downloads\fmeda_app27\scratch\test-packages\pluggy\_hooks.py", line 512 in __call__
  File "C:\Users\adila\Downloads\fmeda_app27\scratch\test-packages\_pytest\config\__init__.py", line 229 in _main
  File "C:\Users\adila\Downloads\fmeda_app27\scratch\test-packages\_pytest\config\__init__.py", line 253 in _console_main
  File "C:\Users\adila\Downloads\fmeda_app27\scratch\test-packages\pytest\__main__.py", line 9 in <module>
  File "<frozen runpy>", line 88 in _run_code
  File "<frozen runpy>", line 198 in _run_module_as_main
Windows fatal exception: code 0x80040155

Thread 0x000059a8 (most recent call first):
  File "C:\Users\adila\Downloads\fmeda_app27\fmeda_tool\services\export_service.py", line 816 in export_to_pdf
  File "C:\Users\adila\Downloads\fmeda_app27\tests\test_increment6.py", line 143 in test_pdf_export_service
  File "C:\Users\adila\.cache\codex-runtimes\codex-primary-runtime\dependencies\python\Lib\unittest\case.py", line 589 in _callTestMethod
  File "C:\Users\adila\.cache\codex-runtimes\codex-primary-runtime\dependencies\python\Lib\unittest\case.py", line 634 in run
  File "C:\Users\adila\.cache\codex-runtimes\codex-primary-runtime\dependencies\python\Lib\unittest\case.py", line 690 in __call__
  File "C:\Users\adila\Downloads\fmeda_app27\scratch\test-packages\_pytest\unittest.py", line 410 in runtest
  File "C:\Users\adila\Downloads\fmeda_app27\scratch\test-packages\_pytest\runner.py", line 184 in pytest_runtest_call
  File "C:\Users\adila\Downloads\fmeda_app27\scratch\test-packages\pluggy\_callers.py", line 121 in _multicall
  File "C:\Users\adila\Downloads\fmeda_app27\scratch\test-packages\pluggy\_manager.py", line 120 in _hookexec
  File "C:\Users\adila\Downloads\fmeda_app27\scratch\test-packages\pluggy\_hooks.py", line 512 in __call__
  File "C:\Users\adila\Downloads\fmeda_app27\scratch\test-packages\_pytest\runner.py", line 250 in <lambda>
  File "C:\Users\adila\Downloads\fmeda_app27\scratch\test-packages\_pytest\runner.py", line 361 in from_call
  File "C:\Users\adila\Downloads\fmeda_app27\scratch\test-packages\_pytest\runner.py", line 249 in call_and_report
  File "C:\Users\adila\Downloads\fmeda_app27\scratch\test-packages\_pytest\runner.py", line 139 in runtestprotocol
  File "C:\Users\adila\Downloads\fmeda_app27\scratch\test-packages\_pytest\runner.py", line 118 in pytest_runtest_protocol
  File "C:\Users\adila\Downloads\fmeda_app27\scratch\test-packages\pluggy\_callers.py", line 121 in _multicall
  File "C:\Users\adila\Downloads\fmeda_app27\scratch\test-packages\pluggy\_manager.py", line 120 in _hookexec
  File "C:\Users\adila\Downloads\fmeda_app27\scratch\test-packages\pluggy\_hooks.py", line 512 in __call__
  File "C:\Users\adila\Downloads\fmeda_app27\scratch\test-packages\_pytest\main.py", line 408 in pytest_runtestloop
  File "C:\Users\adila\Downloads\fmeda_app27\scratch\test-packages\pluggy\_callers.py", line 121 in _multicall
  File "C:\Users\adila\Downloads\fmeda_app27\scratch\test-packages\pluggy\_manager.py", line 120 in _hookexec
  File "C:\Users\adila\Downloads\fmeda_app27\scratch\test-packages\pluggy\_hooks.py", line 512 in __call__
  File "C:\Users\adila\Downloads\fmeda_app27\scratch\test-packages\_pytest\main.py", line 384 in _main
  File "C:\Users\adila\Downloads\fmeda_app27\scratch\test-packages\_pytest\main.py", line 330 in wrap_session
  File "C:\Users\adila\Downloads\fmeda_app27\scratch\test-packages\_pytest\main.py", line 377 in pytest_cmdline_main
  File "C:\Users\adila\Downloads\fmeda_app27\scratch\test-packages\pluggy\_callers.py", line 121 in _multicall
  File "C:\Users\adila\Downloads\fmeda_app27\scratch\test-packages\pluggy\_manager.py", line 120 in _hookexec
  File "C:\Users\adila\Downloads\fmeda_app27\scratch\test-packages\pluggy\_hooks.py", line 512 in __call__
  File "C:\Users\adila\Downloads\fmeda_app27\scratch\test-packages\_pytest\config\__init__.py", line 229 in _main
  File "C:\Users\adila\Downloads\fmeda_app27\scratch\test-packages\_pytest\config\__init__.py", line 253 in _console_main
  File "C:\Users\adila\Downloads\fmeda_app27\scratch\test-packages\pytest\__main__.py", line 9 in <module>
  File "<frozen runpy>", line 88 in _run_code
  File "<frozen runpy>", line 198 in _run_module_as_main
Windows fatal exception: code 0x80040155

Current thread 0x000059a8 (most recent call first):
  File "C:\Users\adila\Downloads\fmeda_app27\fmeda_tool\services\export_service.py", line 816 in export_to_pdf
  File "C:\Users\adila\Downloads\fmeda_app27\tests\test_increment6.py", line 143 in test_pdf_export_service
  File "C:\Users\adila\.cache\codex-runtimes\codex-primary-runtime\dependencies\python\Lib\unittest\case.py", line 589 in _callTestMethod
  File "C:\Users\adila\.cache\codex-runtimes\codex-primary-runtime\dependencies\python\Lib\unittest\case.py", line 634 in run
  File "C:\Users\adila\.cache\codex-runtimes\codex-primary-runtime\dependencies\python\Lib\unittest\case.py", line 690 in __call__
  File "C:\Users\adila\Downloads\fmeda_app27\scratch\test-packages\_pytest\unittest.py", line 410 in runtest
  File "C:\Users\adila\Downloads\fmeda_app27\scratch\test-packages\_pytest\runner.py", line 184 in pytest_runtest_call
  File "C:\Users\adila\Downloads\fmeda_app27\scratch\test-packages\pluggy\_callers.py", line 121 in _multicall
  File "C:\Users\adila\Downloads\fmeda_app27\scratch\test-packages\pluggy\_manager.py", line 120 in _hookexec
  File "C:\Users\adila\Downloads\fmeda_app27\scratch\test-packages\pluggy\_hooks.py", line 512 in __call__
  File "C:\Users\adila\Downloads\fmeda_app27\scratch\test-packages\_pytest\runner.py", line 250 in <lambda>
  File "C:\Users\adila\Downloads\fmeda_app27\scratch\test-packages\_pytest\runner.py", line 361 in from_call
  File "C:\Users\adila\Downloads\fmeda_app27\scratch\test-packages\_pytest\runner.py", line 249 in call_and_report
  File "C:\Users\adila\Downloads\fmeda_app27\scratch\test-packages\_pytest\runner.py", line 139 in runtestprotocol
  File "C:\Users\adila\Downloads\fmeda_app27\scratch\test-packages\_pytest\runner.py", line 118 in pytest_runtest_protocol
  File "C:\Users\adila\Downloads\fmeda_app27\scratch\test-packages\pluggy\_callers.py", line 121 in _multicall
  File "C:\Users\adila\Downloads\fmeda_app27\scratch\test-packages\pluggy\_manager.py", line 120 in _hookexec
  File "C:\Users\adila\Downloads\fmeda_app27\scratch\test-packages\pluggy\_hooks.py", line 512 in __call__
  File "C:\Users\adila\Downloads\fmeda_app27\scratch\test-packages\_pytest\main.py", line 408 in pytest_runtestloop
  File "C:\Users\adila\Downloads\fmeda_app27\scratch\test-packages\pluggy\_callers.py", line 121 in _multicall
  File "C:\Users\adila\Downloads\fmeda_app27\scratch\test-packages\pluggy\_manager.py", line 120 in _hookexec
  File "C:\Users\adila\Downloads\fmeda_app27\scratch\test-packages\pluggy\_hooks.py", line 512 in __call__
  File "C:\Users\adila\Downloads\fmeda_app27\scratch\test-packages\_pytest\main.py", line 384 in _main
  File "C:\Users\adila\Downloads\fmeda_app27\scratch\test-packages\_pytest\main.py", line 330 in wrap_session
  File "C:\Users\adila\Downloads\fmeda_app27\scratch\test-packages\_pytest\main.py", line 377 in pytest_cmdline_main
  File "C:\Users\adila\Downloads\fmeda_app27\scratch\test-packages\pluggy\_callers.py", line 121 in _multicall
  File "C:\Users\adila\Downloads\fmeda_app27\scratch\test-packages\pluggy\_manager.py", line 120 in _hookexec
  File "C:\Users\adila\Downloads\fmeda_app27\scratch\test-packages\pluggy\_hooks.py", line 512 in __call__
  File "C:\Users\adila\Downloads\fmeda_app27\scratch\test-packages\_pytest\config\__init__.py", line 229 in _main
  File "C:\Users\adila\Downloads\fmeda_app27\scratch\test-packages\_pytest\config\__init__.py", line 253 in _console_main
  File "C:\Users\adila\Downloads\fmeda_app27\scratch\test-packages\pytest\__main__.py", line 9 in <module>
  File "<frozen runpy>", line 88 in _run_code
  File "<frozen runpy>", line 198 in _run_module_as_main
Windows fatal exception: code 0x80040155

Thread 0x000059a8 (most recent call first):
  File "C:\Users\adila\Downloads\fmeda_app27\fmeda_tool\services\export_service.py", line 816 in export_to_pdf
  File "C:\Users\adila\Downloads\fmeda_app27\tests\test_increment6.py", line 143 in test_pdf_export_service
  File "C:\Users\adila\.cache\codex-runtimes\codex-primary-runtime\dependencies\python\Lib\unittest\case.py", line 589 in _callTestMethod
  File "C:\Users\adila\.cache\codex-runtimes\codex-primary-runtime\dependencies\python\Lib\unittest\case.py", line 634 in run
  File "C:\Users\adila\.cache\codex-runtimes\codex-primary-runtime\dependencies\python\Lib\unittest\case.py", line 690 in __call__
  File "C:\Users\adila\Downloads\fmeda_app27\scratch\test-packages\_pytest\unittest.py", line 410 in runtest
  File "C:\Users\adila\Downloads\fmeda_app27\scratch\test-packages\_pytest\runner.py", line 184 in pytest_runtest_call
  File "C:\Users\adila\Downloads\fmeda_app27\scratch\test-packages\pluggy\_callers.py", line 121 in _multicall
  File "C:\Users\adila\Downloads\fmeda_app27\scratch\test-packages\pluggy\_manager.py", line 120 in _hookexec
  File "C:\Users\adila\Downloads\fmeda_app27\scratch\test-packages\pluggy\_hooks.py", line 512 in __call__
  File "C:\Users\adila\Downloads\fmeda_app27\scratch\test-packages\_pytest\runner.py", line 250 in <lambda>
  File "C:\Users\adila\Downloads\fmeda_app27\scratch\test-packages\_pytest\runner.py", line 361 in from_call
  File "C:\Users\adila\Downloads\fmeda_app27\scratch\test-packages\_pytest\runner.py", line 249 in call_and_report
  File "C:\Users\adila\Downloads\fmeda_app27\scratch\test-packages\_pytest\runner.py", line 139 in runtestprotocol
  File "C:\Users\adila\Downloads\fmeda_app27\scratch\test-packages\_pytest\runner.py", line 118 in pytest_runtest_protocol
  File "C:\Users\adila\Downloads\fmeda_app27\scratch\test-packages\pluggy\_callers.py", line 121 in _multicall
  File "C:\Users\adila\Downloads\fmeda_app27\scratch\test-packages\pluggy\_manager.py", line 120 in _hookexec
  File "C:\Users\adila\Downloads\fmeda_app27\scratch\test-packages\pluggy\_hooks.py", line 512 in __call__
  File "C:\Users\adila\Downloads\fmeda_app27\scratch\test-packages\_pytest\main.py", line 408 in pytest_runtestloop
  File "C:\Users\adila\Downloads\fmeda_app27\scratch\test-packages\pluggy\_callers.py", line 121 in _multicall
  File "C:\Users\adila\Downloads\fmeda_app27\scratch\test-packages\pluggy\_manager.py", line 120 in _hookexec
  File "C:\Users\adila\Downloads\fmeda_app27\scratch\test-packages\pluggy\_hooks.py", line 512 in __call__
  File "C:\Users\adila\Downloads\fmeda_app27\scratch\test-packages\_pytest\main.py", line 384 in _main
  File "C:\Users\adila\Downloads\fmeda_app27\scratch\test-packages\_pytest\main.py", line 330 in wrap_session
  File "C:\Users\adila\Downloads\fmeda_app27\scratch\test-packages\_pytest\main.py", line 377 in pytest_cmdline_main
  File "C:\Users\adila\Downloads\fmeda_app27\scratch\test-packages\pluggy\_callers.py", line 121 in _multicall
  File "C:\Users\adila\Downloads\fmeda_app27\scratch\test-packages\pluggy\_manager.py", line 120 in _hookexec
  File "C:\Users\adila\Downloads\fmeda_app27\scratch\test-packages\pluggy\_hooks.py", line 512 in __call__
  File "C:\Users\adila\Downloads\fmeda_app27\scratch\test-packages\_pytest\config\__init__.py", line 229 in _main
  File "C:\Users\adila\Downloads\fmeda_app27\scratch\test-packages\_pytest\config\__init__.py", line 253 in _console_main
  File "C:\Users\adila\Downloads\fmeda_app27\scratch\test-packages\pytest\__main__.py", line 9 in <module>
  File "<frozen runpy>", line 88 in _run_code
  File "<frozen runpy>", line 198 in _run_module_as_main
Windows fatal exception: code 0x80040155

Current thread 0x000059a8 (most recent call first):
  File "C:\Users\adila\Downloads\fmeda_app27\fmeda_tool\services\export_service.py", line 816 in export_to_pdf
  File "C:\Users\adila\Downloads\fmeda_app27\tests\test_increment6.py", line 143 in test_pdf_export_service
  File "C:\Users\adila\.cache\codex-runtimes\codex-primary-runtime\dependencies\python\Lib\unittest\case.py", line 589 in _callTestMethod
  File "C:\Users\adila\.cache\codex-runtimes\codex-primary-runtime\dependencies\python\Lib\unittest\case.py", line 634 in run
  File "C:\Users\adila\.cache\codex-runtimes\codex-primary-runtime\dependencies\python\Lib\unittest\case.py", line 690 in __call__
  File "C:\Users\adila\Downloads\fmeda_app27\scratch\test-packages\_pytest\unittest.py", line 410 in runtest
  File "C:\Users\adila\Downloads\fmeda_app27\scratch\test-packages\_pytest\runner.py", line 184 in pytest_runtest_call
  File "C:\Users\adila\Downloads\fmeda_app27\scratch\test-packages\pluggy\_callers.py", line 121 in _multicall
  File "C:\Users\adila\Downloads\fmeda_app27\scratch\test-packages\pluggy\_manager.py", line 120 in _hookexec
  File "C:\Users\adila\Downloads\fmeda_app27\scratch\test-packages\pluggy\_hooks.py", line 512 in __call__
  File "C:\Users\adila\Downloads\fmeda_app27\scratch\test-packages\_pytest\runner.py", line 250 in <lambda>
  File "C:\Users\adila\Downloads\fmeda_app27\scratch\test-packages\_pytest\runner.py", line 361 in from_call
  File "C:\Users\adila\Downloads\fmeda_app27\scratch\test-packages\_pytest\runner.py", line 249 in call_and_report
  File "C:\Users\adila\Downloads\fmeda_app27\scratch\test-packages\_pytest\runner.py", line 139 in runtestprotocol
  File "C:\Users\adila\Downloads\fmeda_app27\scratch\test-packages\_pytest\runner.py", line 118 in pytest_runtest_protocol
  File "C:\Users\adila\Downloads\fmeda_app27\scratch\test-packages\pluggy\_callers.py", line 121 in _multicall
  File "C:\Users\adila\Downloads\fmeda_app27\scratch\test-packages\pluggy\_manager.py", line 120 in _hookexec
  File "C:\Users\adila\Downloads\fmeda_app27\scratch\test-packages\pluggy\_hooks.py", line 512 in __call__
  File "C:\Users\adila\Downloads\fmeda_app27\scratch\test-packages\_pytest\main.py", line 408 in pytest_runtestloop
  File "C:\Users\adila\Downloads\fmeda_app27\scratch\test-packages\pluggy\_callers.py", line 121 in _multicall
  File "C:\Users\adila\Downloads\fmeda_app27\scratch\test-packages\pluggy\_manager.py", line 120 in _hookexec
  File "C:\Users\adila\Downloads\fmeda_app27\scratch\test-packages\pluggy\_hooks.py", line 512 in __call__
  File "C:\Users\adila\Downloads\fmeda_app27\scratch\test-packages\_pytest\main.py", line 384 in _main
  File "C:\Users\adila\Downloads\fmeda_app27\scratch\test-packages\_pytest\main.py", line 330 in wrap_session
  File "C:\Users\adila\Downloads\fmeda_app27\scratch\test-packages\_pytest\main.py", line 377 in pytest_cmdline_main
  File "C:\Users\adila\Downloads\fmeda_app27\scratch\test-packages\pluggy\_callers.py", line 121 in _multicall
  File "C:\Users\adila\Downloads\fmeda_app27\scratch\test-packages\pluggy\_manager.py", line 120 in _hookexec
  File "C:\Users\adila\Downloads\fmeda_app27\scratch\test-packages\pluggy\_hooks.py", line 512 in __call__
  File "C:\Users\adila\Downloads\fmeda_app27\scratch\test-packages\_pytest\config\__init__.py", line 229 in _main
  File "C:\Users\adila\Downloads\fmeda_app27\scratch\test-packages\_pytest\config\__init__.py", line 253 in _console_main
  File "C:\Users\adila\Downloads\fmeda_app27\scratch\test-packages\pytest\__main__.py", line 9 in <module>
  File "<frozen runpy>", line 88 in _run_code
  File "<frozen runpy>", line 198 in _run_module_as_main
Windows fatal exception: code 0x80040155

Thread 0x000059a8 (most recent call first):
  File "C:\Users\adila\Downloads\fmeda_app27\fmeda_tool\services\export_service.py", line 816 in export_to_pdf
  File "C:\Users\adila\Downloads\fmeda_app27\tests\test_increment6.py", line 143 in test_pdf_export_service
  File "C:\Users\adila\.cache\codex-runtimes\codex-primary-runtime\dependencies\python\Lib\unittest\case.py", line 589 in _callTestMethod
  File "C:\Users\adila\.cache\codex-runtimes\codex-primary-runtime\dependencies\python\Lib\unittest\case.py", line 634 in run
  File "C:\Users\adila\.cache\codex-runtimes\codex-primary-runtime\dependencies\python\Lib\unittest\case.py", line 690 in __call__
  File "C:\Users\adila\Downloads\fmeda_app27\scratch\test-packages\_pytest\unittest.py", line 410 in runtest
  File "C:\Users\adila\Downloads\fmeda_app27\scratch\test-packages\_pytest\runner.py", line 184 in pytest_runtest_call
  File "C:\Users\adila\Downloads\fmeda_app27\scratch\test-packages\pluggy\_callers.py", line 121 in _multicall
  File "C:\Users\adila\Downloads\fmeda_app27\scratch\test-packages\pluggy\_manager.py", line 120 in _hookexec
  File "C:\Users\adila\Downloads\fmeda_app27\scratch\test-packages\pluggy\_hooks.py", line 512 in __call__
  File "C:\Users\adila\Downloads\fmeda_app27\scratch\test-packages\_pytest\runner.py", line 250 in <lambda>
  File "C:\Users\adila\Downloads\fmeda_app27\scratch\test-packages\_pytest\runner.py", line 361 in from_call
  File "C:\Users\adila\Downloads\fmeda_app27\scratch\test-packages\_pytest\runner.py", line 249 in call_and_report
  File "C:\Users\adila\Downloads\fmeda_app27\scratch\test-packages\_pytest\runner.py", line 139 in runtestprotocol
  File "C:\Users\adila\Downloads\fmeda_app27\scratch\test-packages\_pytest\runner.py", line 118 in pytest_runtest_protocol
  File "C:\Users\adila\Downloads\fmeda_app27\scratch\test-packages\pluggy\_callers.py", line 121 in _multicall
  File "C:\Users\adila\Downloads\fmeda_app27\scratch\test-packages\pluggy\_manager.py", line 120 in _hookexec
  File "C:\Users\adila\Downloads\fmeda_app27\scratch\test-packages\pluggy\_hooks.py", line 512 in __call__
  File "C:\Users\adila\Downloads\fmeda_app27\scratch\test-packages\_pytest\main.py", line 408 in pytest_runtestloop
  File "C:\Users\adila\Downloads\fmeda_app27\scratch\test-packages\pluggy\_callers.py", line 121 in _multicall
  File "C:\Users\adila\Downloads\fmeda_app27\scratch\test-packages\pluggy\_manager.py", line 120 in _hookexec
  File "C:\Users\adila\Downloads\fmeda_app27\scratch\test-packages\pluggy\_hooks.py", line 512 in __call__
  File "C:\Users\adila\Downloads\fmeda_app27\scratch\test-packages\_pytest\main.py", line 384 in _main
  File "C:\Users\adila\Downloads\fmeda_app27\scratch\test-packages\_pytest\main.py", line 330 in wrap_session
  File "C:\Users\adila\Downloads\fmeda_app27\scratch\test-packages\_pytest\main.py", line 377 in pytest_cmdline_main
  File "C:\Users\adila\Downloads\fmeda_app27\scratch\test-packages\pluggy\_callers.py", line 121 in _multicall
  File "C:\Users\adila\Downloads\fmeda_app27\scratch\test-packages\pluggy\_manager.py", line 120 in _hookexec
  File "C:\Users\adila\Downloads\fmeda_app27\scratch\test-packages\pluggy\_hooks.py", line 512 in __call__
  File "C:\Users\adila\Downloads\fmeda_app27\scratch\test-packages\_pytest\config\__init__.py", line 229 in _main
  File "C:\Users\adila\Downloads\fmeda_app27\scratch\test-packages\_pytest\config\__init__.py", line 253 in _console_main
  File "C:\Users\adila\Downloads\fmeda_app27\scratch\test-packages\pytest\__main__.py", line 9 in <module>
  File "<frozen runpy>", line 88 in _run_code
  File "<frozen runpy>", line 198 in _run_module_as_main
Windows fatal exception: code 0x80040155

Current thread 0x000059a8 (most recent call first):
  File "C:\Users\adila\Downloads\fmeda_app27\fmeda_tool\services\export_service.py", line 816 in export_to_pdf
  File "C:\Users\adila\Downloads\fmeda_app27\tests\test_increment6.py", line 143 in test_pdf_export_service
  File "C:\Users\adila\.cache\codex-runtimes\codex-primary-runtime\dependencies\python\Lib\unittest\case.py", line 589 in _callTestMethod
  File "C:\Users\adila\.cache\codex-runtimes\codex-primary-runtime\dependencies\python\Lib\unittest\case.py", line 634 in run
  File "C:\Users\adila\.cache\codex-runtimes\codex-primary-runtime\dependencies\python\Lib\unittest\case.py", line 690 in __call__
  File "C:\Users\adila\Downloads\fmeda_app27\scratch\test-packages\_pytest\unittest.py", line 410 in runtest
  File "C:\Users\adila\Downloads\fmeda_app27\scratch\test-packages\_pytest\runner.py", line 184 in pytest_runtest_call
  File "C:\Users\adila\Downloads\fmeda_app27\scratch\test-packages\pluggy\_callers.py", line 121 in _multicall
  File "C:\Users\adila\Downloads\fmeda_app27\scratch\test-packages\pluggy\_manager.py", line 120 in _hookexec
  File "C:\Users\adila\Downloads\fmeda_app27\scratch\test-packages\pluggy\_hooks.py", line 512 in __call__
  File "C:\Users\adila\Downloads\fmeda_app27\scratch\test-packages\_pytest\runner.py", line 250 in <lambda>
  File "C:\Users\adila\Downloads\fmeda_app27\scratch\test-packages\_pytest\runner.py", line 361 in from_call
  File "C:\Users\adila\Downloads\fmeda_app27\scratch\test-packages\_pytest\runner.py", line 249 in call_and_report
  File "C:\Users\adila\Downloads\fmeda_app27\scratch\test-packages\_pytest\runner.py", line 139 in runtestprotocol
  File "C:\Users\adila\Downloads\fmeda_app27\scratch\test-packages\_pytest\runner.py", line 118 in pytest_runtest_protocol
  File "C:\Users\adila\Downloads\fmeda_app27\scratch\test-packages\pluggy\_callers.py", line 121 in _multicall
  File "C:\Users\adila\Downloads\fmeda_app27\scratch\test-packages\pluggy\_manager.py", line 120 in _hookexec
  File "C:\Users\adila\Downloads\fmeda_app27\scratch\test-packages\pluggy\_hooks.py", line 512 in __call__
  File "C:\Users\adila\Downloads\fmeda_app27\scratch\test-packages\_pytest\main.py", line 408 in pytest_runtestloop
  File "C:\Users\adila\Downloads\fmeda_app27\scratch\test-packages\pluggy\_callers.py", line 121 in _multicall
  File "C:\Users\adila\Downloads\fmeda_app27\scratch\test-packages\pluggy\_manager.py", line 120 in _hookexec
  File "C:\Users\adila\Downloads\fmeda_app27\scratch\test-packages\pluggy\_hooks.py", line 512 in __call__
  File "C:\Users\adila\Downloads\fmeda_app27\scratch\test-packages\_pytest\main.py", line 384 in _main
  File "C:\Users\adila\Downloads\fmeda_app27\scratch\test-packages\_pytest\main.py", line 330 in wrap_session
  File "C:\Users\adila\Downloads\fmeda_app27\scratch\test-packages\_pytest\main.py", line 377 in pytest_cmdline_main
  File "C:\Users\adila\Downloads\fmeda_app27\scratch\test-packages\pluggy\_callers.py", line 121 in _multicall
  File "C:\Users\adila\Downloads\fmeda_app27\scratch\test-packages\pluggy\_manager.py", line 120 in _hookexec
  File "C:\Users\adila\Downloads\fmeda_app27\scratch\test-packages\pluggy\_hooks.py", line 512 in __call__
  File "C:\Users\adila\Downloads\fmeda_app27\scratch\test-packages\_pytest\config\__init__.py", line 229 in _main
  File "C:\Users\adila\Downloads\fmeda_app27\scratch\test-packages\_pytest\config\__init__.py", line 253 in _console_main
  File "C:\Users\adila\Downloads\fmeda_app27\scratch\test-packages\pytest\__main__.py", line 9 in <module>
  File "<frozen runpy>", line 88 in _run_code
  File "<frozen runpy>", line 198 in _run_module_as_main
Windows fatal exception: code 0x80040155

Thread 0x000059a8 (most recent call first):
  File "C:\Users\adila\Downloads\fmeda_app27\fmeda_tool\services\export_service.py", line 816 in export_to_pdf
  File "C:\Users\adila\Downloads\fmeda_app27\tests\test_increment6.py", line 143 in test_pdf_export_service
  File "C:\Users\adila\.cache\codex-runtimes\codex-primary-runtime\dependencies\python\Lib\unittest\case.py", line 589 in _callTestMethod
  File "C:\Users\adila\.cache\codex-runtimes\codex-primary-runtime\dependencies\python\Lib\unittest\case.py", line 634 in run
  File "C:\Users\adila\.cache\codex-runtimes\codex-primary-runtime\dependencies\python\Lib\unittest\case.py", line 690 in __call__
  File "C:\Users\adila\Downloads\fmeda_app27\scratch\test-packages\_pytest\unittest.py", line 410 in runtest
  File "C:\Users\adila\Downloads\fmeda_app27\scratch\test-packages\_pytest\runner.py", line 184 in pytest_runtest_call
  File "C:\Users\adila\Downloads\fmeda_app27\scratch\test-packages\pluggy\_callers.py", line 121 in _multicall
  File "C:\Users\adila\Downloads\fmeda_app27\scratch\test-packages\pluggy\_manager.py", line 120 in _hookexec
  File "C:\Users\adila\Downloads\fmeda_app27\scratch\test-packages\pluggy\_hooks.py", line 512 in __call__
  File "C:\Users\adila\Downloads\fmeda_app27\scratch\test-packages\_pytest\runner.py", line 250 in <lambda>
  File "C:\Users\adila\Downloads\fmeda_app27\scratch\test-packages\_pytest\runner.py", line 361 in from_call
  File "C:\Users\adila\Downloads\fmeda_app27\scratch\test-packages\_pytest\runner.py", line 249 in call_and_report
  File "C:\Users\adila\Downloads\fmeda_app27\scratch\test-packages\_pytest\runner.py", line 139 in runtestprotocol
  File "C:\Users\adila\Downloads\fmeda_app27\scratch\test-packages\_pytest\runner.py", line 118 in pytest_runtest_protocol
  File "C:\Users\adila\Downloads\fmeda_app27\scratch\test-packages\pluggy\_callers.py", line 121 in _multicall
  File "C:\Users\adila\Downloads\fmeda_app27\scratch\test-packages\pluggy\_manager.py", line 120 in _hookexec
  File "C:\Users\adila\Downloads\fmeda_app27\scratch\test-packages\pluggy\_hooks.py", line 512 in __call__
  File "C:\Users\adila\Downloads\fmeda_app27\scratch\test-packages\_pytest\main.py", line 408 in pytest_runtestloop
  File "C:\Users\adila\Downloads\fmeda_app27\scratch\test-packages\pluggy\_callers.py", line 121 in _multicall
  File "C:\Users\adila\Downloads\fmeda_app27\scratch\test-packages\pluggy\_manager.py", line 120 in _hookexec
  File "C:\Users\adila\Downloads\fmeda_app27\scratch\test-packages\pluggy\_hooks.py", line 512 in __call__
  File "C:\Users\adila\Downloads\fmeda_app27\scratch\test-packages\_pytest\main.py", line 384 in _main
  File "C:\Users\adila\Downloads\fmeda_app27\scratch\test-packages\_pytest\main.py", line 330 in wrap_session
  File "C:\Users\adila\Downloads\fmeda_app27\scratch\test-packages\_pytest\main.py", line 377 in pytest_cmdline_main
  File "C:\Users\adila\Downloads\fmeda_app27\scratch\test-packages\pluggy\_callers.py", line 121 in _multicall
  File "C:\Users\adila\Downloads\fmeda_app27\scratch\test-packages\pluggy\_manager.py", line 120 in _hookexec
  File "C:\Users\adila\Downloads\fmeda_app27\scratch\test-packages\pluggy\_hooks.py", line 512 in __call__
  File "C:\Users\adila\Downloads\fmeda_app27\scratch\test-packages\_pytest\config\__init__.py", line 229 in _main
  File "C:\Users\adila\Downloads\fmeda_app27\scratch\test-packages\_pytest\config\__init__.py", line 253 in _console_main
  File "C:\Users\adila\Downloads\fmeda_app27\scratch\test-packages\pytest\__main__.py", line 9 in <module>
  File "<frozen runpy>", line 88 in _run_code
  File "<frozen runpy>", line 198 in _run_module_as_main
Windows fatal exception: code 0x80040155

Current thread 0x000059a8 (most recent call first):
  File "C:\Users\adila\Downloads\fmeda_app27\fmeda_tool\services\export_service.py", line 816 in export_to_pdf
  File "C:\Users\adila\Downloads\fmeda_app27\tests\test_increment6.py", line 143 in test_pdf_export_service
  File "C:\Users\adila\.cache\codex-runtimes\codex-primary-runtime\dependencies\python\Lib\unittest\case.py", line 589 in _callTestMethod
  File "C:\Users\adila\.cache\codex-runtimes\codex-primary-runtime\dependencies\python\Lib\unittest\case.py", line 634 in run
  File "C:\Users\adila\.cache\codex-runtimes\codex-primary-runtime\dependencies\python\Lib\unittest\case.py", line 690 in __call__
  File "C:\Users\adila\Downloads\fmeda_app27\scratch\test-packages\_pytest\unittest.py", line 410 in runtest
  File "C:\Users\adila\Downloads\fmeda_app27\scratch\test-packages\_pytest\runner.py", line 184 in pytest_runtest_call
  File "C:\Users\adila\Downloads\fmeda_app27\scratch\test-packages\pluggy\_callers.py", line 121 in _multicall
  File "C:\Users\adila\Downloads\fmeda_app27\scratch\test-packages\pluggy\_manager.py", line 120 in _hookexec
  File "C:\Users\adila\Downloads\fmeda_app27\scratch\test-packages\pluggy\_hooks.py", line 512 in __call__
  File "C:\Users\adila\Downloads\fmeda_app27\scratch\test-packages\_pytest\runner.py", line 250 in <lambda>
  File "C:\Users\adila\Downloads\fmeda_app27\scratch\test-packages\_pytest\runner.py", line 361 in from_call
  File "C:\Users\adila\Downloads\fmeda_app27\scratch\test-packages\_pytest\runner.py", line 249 in call_and_report
  File "C:\Users\adila\Downloads\fmeda_app27\scratch\test-packages\_pytest\runner.py", line 139 in runtestprotocol
  File "C:\Users\adila\Downloads\fmeda_app27\scratch\test-packages\_pytest\runner.py", line 118 in pytest_runtest_protocol
  File "C:\Users\adila\Downloads\fmeda_app27\scratch\test-packages\pluggy\_callers.py", line 121 in _multicall
  File "C:\Users\adila\Downloads\fmeda_app27\scratch\test-packages\pluggy\_manager.py", line 120 in _hookexec
  File "C:\Users\adila\Downloads\fmeda_app27\scratch\test-packages\pluggy\_hooks.py", line 512 in __call__
  File "C:\Users\adila\Downloads\fmeda_app27\scratch\test-packages\_pytest\main.py", line 408 in pytest_runtestloop
  File "C:\Users\adila\Downloads\fmeda_app27\scratch\test-packages\pluggy\_callers.py", line 121 in _multicall
  File "C:\Users\adila\Downloads\fmeda_app27\scratch\test-packages\pluggy\_manager.py", line 120 in _hookexec
  File "C:\Users\adila\Downloads\fmeda_app27\scratch\test-packages\pluggy\_hooks.py", line 512 in __call__
  File "C:\Users\adila\Downloads\fmeda_app27\scratch\test-packages\_pytest\main.py", line 384 in _main
  File "C:\Users\adila\Downloads\fmeda_app27\scratch\test-packages\_pytest\main.py", line 330 in wrap_session
  File "C:\Users\adila\Downloads\fmeda_app27\scratch\test-packages\_pytest\main.py", line 377 in pytest_cmdline_main
  File "C:\Users\adila\Downloads\fmeda_app27\scratch\test-packages\pluggy\_callers.py", line 121 in _multicall
  File "C:\Users\adila\Downloads\fmeda_app27\scratch\test-packages\pluggy\_manager.py", line 120 in _hookexec
  File "C:\Users\adila\Downloads\fmeda_app27\scratch\test-packages\pluggy\_hooks.py", line 512 in __call__
  File "C:\Users\adila\Downloads\fmeda_app27\scratch\test-packages\_pytest\config\__init__.py", line 229 in _main
  File "C:\Users\adila\Downloads\fmeda_app27\scratch\test-packages\_pytest\config\__init__.py", line 253 in _console_main
  File "C:\Users\adila\Downloads\fmeda_app27\scratch\test-packages\pytest\__main__.py", line 9 in <module>
  File "<frozen runpy>", line 88 in _run_code
  File "<frozen runpy>", line 198 in _run_module_as_main
Windows fatal exception: code 0x80040155

Thread 0x000059a8 (most recent call first):
  File "C:\Users\adila\Downloads\fmeda_app27\fmeda_tool\services\export_service.py", line 816 in export_to_pdf
  File "C:\Users\adila\Downloads\fmeda_app27\tests\test_increment6.py", line 143 in test_pdf_export_service
  File "C:\Users\adila\.cache\codex-runtimes\codex-primary-runtime\dependencies\python\Lib\unittest\case.py", line 589 in _callTestMethod
  File "C:\Users\adila\.cache\codex-runtimes\codex-primary-runtime\dependencies\python\Lib\unittest\case.py", line 634 in run
  File "C:\Users\adila\.cache\codex-runtimes\codex-primary-runtime\dependencies\python\Lib\unittest\case.py", line 690 in __call__
  File "C:\Users\adila\Downloads\fmeda_app27\scratch\test-packages\_pytest\unittest.py", line 410 in runtest
  File "C:\Users\adila\Downloads\fmeda_app27\scratch\test-packages\_pytest\runner.py", line 184 in pytest_runtest_call
  File "C:\Users\adila\Downloads\fmeda_app27\scratch\test-packages\pluggy\_callers.py", line 121 in _multicall
  File "C:\Users\adila\Downloads\fmeda_app27\scratch\test-packages\pluggy\_manager.py", line 120 in _hookexec
  File "C:\Users\adila\Downloads\fmeda_app27\scratch\test-packages\pluggy\_hooks.py", line 512 in __call__
  File "C:\Users\adila\Downloads\fmeda_app27\scratch\test-packages\_pytest\runner.py", line 250 in <lambda>
  File "C:\Users\adila\Downloads\fmeda_app27\scratch\test-packages\_pytest\runner.py", line 361 in from_call
  File "C:\Users\adila\Downloads\fmeda_app27\scratch\test-packages\_pytest\runner.py", line 249 in call_and_report
  File "C:\Users\adila\Downloads\fmeda_app27\scratch\test-packages\_pytest\runner.py", line 139 in runtestprotocol
  File "C:\Users\adila\Downloads\fmeda_app27\scratch\test-packages\_pytest\runner.py", line 118 in pytest_runtest_protocol
  File "C:\Users\adila\Downloads\fmeda_app27\scratch\test-packages\pluggy\_callers.py", line 121 in _multicall
  File "C:\Users\adila\Downloads\fmeda_app27\scratch\test-packages\pluggy\_manager.py", line 120 in _hookexec
  File "C:\Users\adila\Downloads\fmeda_app27\scratch\test-packages\pluggy\_hooks.py", line 512 in __call__
  File "C:\Users\adila\Downloads\fmeda_app27\scratch\test-packages\_pytest\main.py", line 408 in pytest_runtestloop
  File "C:\Users\adila\Downloads\fmeda_app27\scratch\test-packages\pluggy\_callers.py", line 121 in _multicall
  File "C:\Users\adila\Downloads\fmeda_app27\scratch\test-packages\pluggy\_manager.py", line 120 in _hookexec
  File "C:\Users\adila\Downloads\fmeda_app27\scratch\test-packages\pluggy\_hooks.py", line 512 in __call__
  File "C:\Users\adila\Downloads\fmeda_app27\scratch\test-packages\_pytest\main.py", line 384 in _main
  File "C:\Users\adila\Downloads\fmeda_app27\scratch\test-packages\_pytest\main.py", line 330 in wrap_session
  File "C:\Users\adila\Downloads\fmeda_app27\scratch\test-packages\_pytest\main.py", line 377 in pytest_cmdline_main
  File "C:\Users\adila\Downloads\fmeda_app27\scratch\test-packages\pluggy\_callers.py", line 121 in _multicall
  File "C:\Users\adila\Downloads\fmeda_app27\scratch\test-packages\pluggy\_manager.py", line 120 in _hookexec
  File "C:\Users\adila\Downloads\fmeda_app27\scratch\test-packages\pluggy\_hooks.py", line 512 in __call__
  File "C:\Users\adila\Downloads\fmeda_app27\scratch\test-packages\_pytest\config\__init__.py", line 229 in _main
  File "C:\Users\adila\Downloads\fmeda_app27\scratch\test-packages\_pytest\config\__init__.py", line 253 in _console_main
  File "C:\Users\adila\Downloads\fmeda_app27\scratch\test-packages\pytest\__main__.py", line 9 in <module>
  File "<frozen runpy>", line 88 in _run_code
  File "<frozen runpy>", line 198 in _run_module_as_main
Windows fatal exception: code 0x80040155

Current thread 0x000059a8 (most recent call first):
  File "C:\Users\adila\Downloads\fmeda_app27\fmeda_tool\services\export_service.py", line 816 in export_to_pdf
  File "C:\Users\adila\Downloads\fmeda_app27\tests\test_increment6.py", line 143 in test_pdf_export_service
  File "C:\Users\adila\.cache\codex-runtimes\codex-primary-runtime\dependencies\python\Lib\unittest\case.py", line 589 in _callTestMethod
  File "C:\Users\adila\.cache\codex-runtimes\codex-primary-runtime\dependencies\python\Lib\unittest\case.py", line 634 in run
  File "C:\Users\adila\.cache\codex-runtimes\codex-primary-runtime\dependencies\python\Lib\unittest\case.py", line 690 in __call__
  File "C:\Users\adila\Downloads\fmeda_app27\scratch\test-packages\_pytest\unittest.py", line 410 in runtest
  File "C:\Users\adila\Downloads\fmeda_app27\scratch\test-packages\_pytest\runner.py", line 184 in pytest_runtest_call
  File "C:\Users\adila\Downloads\fmeda_app27\scratch\test-packages\pluggy\_callers.py", line 121 in _multicall
  File "C:\Users\adila\Downloads\fmeda_app27\scratch\test-packages\pluggy\_manager.py", line 120 in _hookexec
  File "C:\Users\adila\Downloads\fmeda_app27\scratch\test-packages\pluggy\_hooks.py", line 512 in __call__
  File "C:\Users\adila\Downloads\fmeda_app27\scratch\test-packages\_pytest\runner.py", line 250 in <lambda>
  File "C:\Users\adila\Downloads\fmeda_app27\scratch\test-packages\_pytest\runner.py", line 361 in from_call
  File "C:\Users\adila\Downloads\fmeda_app27\scratch\test-packages\_pytest\runner.py", line 249 in call_and_report
  File "C:\Users\adila\Downloads\fmeda_app27\scratch\test-packages\_pytest\runner.py", line 139 in runtestprotocol
  File "C:\Users\adila\Downloads\fmeda_app27\scratch\test-packages\_pytest\runner.py", line 118 in pytest_runtest_protocol
  File "C:\Users\adila\Downloads\fmeda_app27\scratch\test-packages\pluggy\_callers.py", line 121 in _multicall
  File "C:\Users\adila\Downloads\fmeda_app27\scratch\test-packages\pluggy\_manager.py", line 120 in _hookexec
  File "C:\Users\adila\Downloads\fmeda_app27\scratch\test-packages\pluggy\_hooks.py", line 512 in __call__
  File "C:\Users\adila\Downloads\fmeda_app27\scratch\test-packages\_pytest\main.py", line 408 in pytest_runtestloop
  File "C:\Users\adila\Downloads\fmeda_app27\scratch\test-packages\pluggy\_callers.py", line 121 in _multicall
  File "C:\Users\adila\Downloads\fmeda_app27\scratch\test-packages\pluggy\_manager.py", line 120 in _hookexec
  File "C:\Users\adila\Downloads\fmeda_app27\scratch\test-packages\pluggy\_hooks.py", line 512 in __call__
  File "C:\Users\adila\Downloads\fmeda_app27\scratch\test-packages\_pytest\main.py", line 384 in _main
  File "C:\Users\adila\Downloads\fmeda_app27\scratch\test-packages\_pytest\main.py", line 330 in wrap_session
  File "C:\Users\adila\Downloads\fmeda_app27\scratch\test-packages\_pytest\main.py", line 377 in pytest_cmdline_main
  File "C:\Users\adila\Downloads\fmeda_app27\scratch\test-packages\pluggy\_callers.py", line 121 in _multicall
  File "C:\Users\adila\Downloads\fmeda_app27\scratch\test-packages\pluggy\_manager.py", line 120 in _hookexec
  File "C:\Users\adila\Downloads\fmeda_app27\scratch\test-packages\pluggy\_hooks.py", line 512 in __call__
  File "C:\Users\adila\Downloads\fmeda_app27\scratch\test-packages\_pytest\config\__init__.py", line 229 in _main
  File "C:\Users\adila\Downloads\fmeda_app27\scratch\test-packages\_pytest\config\__init__.py", line 253 in _console_main
  File "C:\Users\adila\Downloads\fmeda_app27\scratch\test-packages\pytest\__main__.py", line 9 in <module>
  File "<frozen runpy>", line 88 in _run_code
  File "<frozen runpy>", line 198 in _run_module_as_main
Windows fatal exception: code 0x80040155

Thread 0x000059a8 (most recent call first):
  File "C:\Users\adila\Downloads\fmeda_app27\fmeda_tool\services\export_service.py", line 816 in export_to_pdf
  File "C:\Users\adila\Downloads\fmeda_app27\tests\test_increment6.py", line 143 in test_pdf_export_service
  File "C:\Users\adila\.cache\codex-runtimes\codex-primary-runtime\dependencies\python\Lib\unittest\case.py", line 589 in _callTestMethod
  File "C:\Users\adila\.cache\codex-runtimes\codex-primary-runtime\dependencies\python\Lib\unittest\case.py", line 634 in run
  File "C:\Users\adila\.cache\codex-runtimes\codex-primary-runtime\dependencies\python\Lib\unittest\case.py", line 690 in __call__
  File "C:\Users\adila\Downloads\fmeda_app27\scratch\test-packages\_pytest\unittest.py", line 410 in runtest
  File "C:\Users\adila\Downloads\fmeda_app27\scratch\test-packages\_pytest\runner.py", line 184 in pytest_runtest_call
  File "C:\Users\adila\Downloads\fmeda_app27\scratch\test-packages\pluggy\_callers.py", line 121 in _multicall
  File "C:\Users\adila\Downloads\fmeda_app27\scratch\test-packages\pluggy\_manager.py", line 120 in _hookexec
  File "C:\Users\adila\Downloads\fmeda_app27\scratch\test-packages\pluggy\_hooks.py", line 512 in __call__
  File "C:\Users\adila\Downloads\fmeda_app27\scratch\test-packages\_pytest\runner.py", line 250 in <lambda>
  File "C:\Users\adila\Downloads\fmeda_app27\scratch\test-packages\_pytest\runner.py", line 361 in from_call
  File "C:\Users\adila\Downloads\fmeda_app27\scratch\test-packages\_pytest\runner.py", line 249 in call_and_report
  File "C:\Users\adila\Downloads\fmeda_app27\scratch\test-packages\_pytest\runner.py", line 139 in runtestprotocol
  File "C:\Users\adila\Downloads\fmeda_app27\scratch\test-packages\_pytest\runner.py", line 118 in pytest_runtest_protocol
  File "C:\Users\adila\Downloads\fmeda_app27\scratch\test-packages\pluggy\_callers.py", line 121 in _multicall
  File "C:\Users\adila\Downloads\fmeda_app27\scratch\test-packages\pluggy\_manager.py", line 120 in _hookexec
  File "C:\Users\adila\Downloads\fmeda_app27\scratch\test-packages\pluggy\_hooks.py", line 512 in __call__
  File "C:\Users\adila\Downloads\fmeda_app27\scratch\test-packages\_pytest\main.py", line 408 in pytest_runtestloop
  File "C:\Users\adila\Downloads\fmeda_app27\scratch\test-packages\pluggy\_callers.py", line 121 in _multicall
  File "C:\Users\adila\Downloads\fmeda_app27\scratch\test-packages\pluggy\_manager.py", line 120 in _hookexec
  File "C:\Users\adila\Downloads\fmeda_app27\scratch\test-packages\pluggy\_hooks.py", line 512 in __call__
  File "C:\Users\adila\Downloads\fmeda_app27\scratch\test-packages\_pytest\main.py", line 384 in _main
  File "C:\Users\adila\Downloads\fmeda_app27\scratch\test-packages\_pytest\main.py", line 330 in wrap_session
  File "C:\Users\adila\Downloads\fmeda_app27\scratch\test-packages\_pytest\main.py", line 377 in pytest_cmdline_main
  File "C:\Users\adila\Downloads\fmeda_app27\scratch\test-packages\pluggy\_callers.py", line 121 in _multicall
  File "C:\Users\adila\Downloads\fmeda_app27\scratch\test-packages\pluggy\_manager.py", line 120 in _hookexec
  File "C:\Users\adila\Downloads\fmeda_app27\scratch\test-packages\pluggy\_hooks.py", line 512 in __call__
  File "C:\Users\adila\Downloads\fmeda_app27\scratch\test-packages\_pytest\config\__init__.py", line 229 in _main
  File "C:\Users\adila\Downloads\fmeda_app27\scratch\test-packages\_pytest\config\__init__.py", line 253 in _console_main
  File "C:\Users\adila\Downloads\fmeda_app27\scratch\test-packages\pytest\__main__.py", line 9 in <module>
  File "<frozen runpy>", line 88 in _run_code
  File "<frozen runpy>", line 198 in _run_module_as_main
Windows fatal exception: code 0x80040155

Current thread 0x000059a8 (most recent call first):
  File "C:\Users\adila\Downloads\fmeda_app27\fmeda_tool\services\export_service.py", line 816 in export_to_pdf
  File "C:\Users\adila\Downloads\fmeda_app27\tests\test_increment6.py", line 143 in test_pdf_export_service
  File "C:\Users\adila\.cache\codex-runtimes\codex-primary-runtime\dependencies\python\Lib\unittest\case.py", line 589 in _callTestMethod
  File "C:\Users\adila\.cache\codex-runtimes\codex-primary-runtime\dependencies\python\Lib\unittest\case.py", line 634 in run
  File "C:\Users\adila\.cache\codex-runtimes\codex-primary-runtime\dependencies\python\Lib\unittest\case.py", line 690 in __call__
  File "C:\Users\adila\Downloads\fmeda_app27\scratch\test-packages\_pytest\unittest.py", line 410 in runtest
  File "C:\Users\adila\Downloads\fmeda_app27\scratch\test-packages\_pytest\runner.py", line 184 in pytest_runtest_call
  File "C:\Users\adila\Downloads\fmeda_app27\scratch\test-packages\pluggy\_callers.py", line 121 in _multicall
  File "C:\Users\adila\Downloads\fmeda_app27\scratch\test-packages\pluggy\_manager.py", line 120 in _hookexec
  File "C:\Users\adila\Downloads\fmeda_app27\scratch\test-packages\pluggy\_hooks.py", line 512 in __call__
  File "C:\Users\adila\Downloads\fmeda_app27\scratch\test-packages\_pytest\runner.py", line 250 in <lambda>
  File "C:\Users\adila\Downloads\fmeda_app27\scratch\test-packages\_pytest\runner.py", line 361 in from_call
  File "C:\Users\adila\Downloads\fmeda_app27\scratch\test-packages\_pytest\runner.py", line 249 in call_and_report
  File "C:\Users\adila\Downloads\fmeda_app27\scratch\test-packages\_pytest\runner.py", line 139 in runtestprotocol
  File "C:\Users\adila\Downloads\fmeda_app27\scratch\test-packages\_pytest\runner.py", line 118 in pytest_runtest_protocol
  File "C:\Users\adila\Downloads\fmeda_app27\scratch\test-packages\pluggy\_callers.py", line 121 in _multicall
  File "C:\Users\adila\Downloads\fmeda_app27\scratch\test-packages\pluggy\_manager.py", line 120 in _hookexec
  File "C:\Users\adila\Downloads\fmeda_app27\scratch\test-packages\pluggy\_hooks.py", line 512 in __call__
  File "C:\Users\adila\Downloads\fmeda_app27\scratch\test-packages\_pytest\main.py", line 408 in pytest_runtestloop
  File "C:\Users\adila\Downloads\fmeda_app27\scratch\test-packages\pluggy\_callers.py", line 121 in _multicall
  File "C:\Users\adila\Downloads\fmeda_app27\scratch\test-packages\pluggy\_manager.py", line 120 in _hookexec
  File "C:\Users\adila\Downloads\fmeda_app27\scratch\test-packages\pluggy\_hooks.py", line 512 in __call__
  File "C:\Users\adila\Downloads\fmeda_app27\scratch\test-packages\_pytest\main.py", line 384 in _main
  File "C:\Users\adila\Downloads\fmeda_app27\scratch\test-packages\_pytest\main.py", line 330 in wrap_session
  File "C:\Users\adila\Downloads\fmeda_app27\scratch\test-packages\_pytest\main.py", line 377 in pytest_cmdline_main
  File "C:\Users\adila\Downloads\fmeda_app27\scratch\test-packages\pluggy\_callers.py", line 121 in _multicall
  File "C:\Users\adila\Downloads\fmeda_app27\scratch\test-packages\pluggy\_manager.py", line 120 in _hookexec
  File "C:\Users\adila\Downloads\fmeda_app27\scratch\test-packages\pluggy\_hooks.py", line 512 in __call__
  File "C:\Users\adila\Downloads\fmeda_app27\scratch\test-packages\_pytest\config\__init__.py", line 229 in _main
  File "C:\Users\adila\Downloads\fmeda_app27\scratch\test-packages\_pytest\config\__init__.py", line 253 in _console_main
  File "C:\Users\adila\Downloads\fmeda_app27\scratch\test-packages\pytest\__main__.py", line 9 in <module>
  File "<frozen runpy>", line 88 in _run_code
  File "<frozen runpy>", line 198 in _run_module_as_main
Windows fatal exception: code 0x80040155

Thread 0x000059a8 (most recent call first):
  File "C:\Users\adila\Downloads\fmeda_app27\fmeda_tool\services\export_service.py", line 816 in export_to_pdf
  File "C:\Users\adila\Downloads\fmeda_app27\tests\test_increment6.py", line 143 in test_pdf_export_service
  File "C:\Users\adila\.cache\codex-runtimes\codex-primary-runtime\dependencies\python\Lib\unittest\case.py", line 589 in _callTestMethod
  File "C:\Users\adila\.cache\codex-runtimes\codex-primary-runtime\dependencies\python\Lib\unittest\case.py", line 634 in run
  File "C:\Users\adila\.cache\codex-runtimes\codex-primary-runtime\dependencies\python\Lib\unittest\case.py", line 690 in __call__
  File "C:\Users\adila\Downloads\fmeda_app27\scratch\test-packages\_pytest\unittest.py", line 410 in runtest
  File "C:\Users\adila\Downloads\fmeda_app27\scratch\test-packages\_pytest\runner.py", line 184 in pytest_runtest_call
  File "C:\Users\adila\Downloads\fmeda_app27\scratch\test-packages\pluggy\_callers.py", line 121 in _multicall
  File "C:\Users\adila\Downloads\fmeda_app27\scratch\test-packages\pluggy\_manager.py", line 120 in _hookexec
  File "C:\Users\adila\Downloads\fmeda_app27\scratch\test-packages\pluggy\_hooks.py", line 512 in __call__
  File "C:\Users\adila\Downloads\fmeda_app27\scratch\test-packages\_pytest\runner.py", line 250 in <lambda>
  File "C:\Users\adila\Downloads\fmeda_app27\scratch\test-packages\_pytest\runner.py", line 361 in from_call
  File "C:\Users\adila\Downloads\fmeda_app27\scratch\test-packages\_pytest\runner.py", line 249 in call_and_report
  File "C:\Users\adila\Downloads\fmeda_app27\scratch\test-packages\_pytest\runner.py", line 139 in runtestprotocol
  File "C:\Users\adila\Downloads\fmeda_app27\scratch\test-packages\_pytest\runner.py", line 118 in pytest_runtest_protocol
  File "C:\Users\adila\Downloads\fmeda_app27\scratch\test-packages\pluggy\_callers.py", line 121 in _multicall
  File "C:\Users\adila\Downloads\fmeda_app27\scratch\test-packages\pluggy\_manager.py", line 120 in _hookexec
  File "C:\Users\adila\Downloads\fmeda_app27\scratch\test-packages\pluggy\_hooks.py", line 512 in __call__
  File "C:\Users\adila\Downloads\fmeda_app27\scratch\test-packages\_pytest\main.py", line 408 in pytest_runtestloop
  File "C:\Users\adila\Downloads\fmeda_app27\scratch\test-packages\pluggy\_callers.py", line 121 in _multicall
  File "C:\Users\adila\Downloads\fmeda_app27\scratch\test-packages\pluggy\_manager.py", line 120 in _hookexec
  File "C:\Users\adila\Downloads\fmeda_app27\scratch\test-packages\pluggy\_hooks.py", line 512 in __call__
  File "C:\Users\adila\Downloads\fmeda_app27\scratch\test-packages\_pytest\main.py", line 384 in _main
  File "C:\Users\adila\Downloads\fmeda_app27\scratch\test-packages\_pytest\main.py", line 330 in wrap_session
  File "C:\Users\adila\Downloads\fmeda_app27\scratch\test-packages\_pytest\main.py", line 377 in pytest_cmdline_main
  File "C:\Users\adila\Downloads\fmeda_app27\scratch\test-packages\pluggy\_callers.py", line 121 in _multicall
  File "C:\Users\adila\Downloads\fmeda_app27\scratch\test-packages\pluggy\_manager.py", line 120 in _hookexec
  File "C:\Users\adila\Downloads\fmeda_app27\scratch\test-packages\pluggy\_hooks.py", line 512 in __call__
  File "C:\Users\adila\Downloads\fmeda_app27\scratch\test-packages\_pytest\config\__init__.py", line 229 in _main
  File "C:\Users\adila\Downloads\fmeda_app27\scratch\test-packages\_pytest\config\__init__.py", line 253 in _console_main
  File "C:\Users\adila\Downloads\fmeda_app27\scratch\test-packages\pytest\__main__.py", line 9 in <module>
  File "<frozen runpy>", line 88 in _run_code
  File "<frozen runpy>", line 198 in _run_module_as_main
Windows fatal exception: code 0x80040155

Current thread 0x000059a8 (most recent call first):
  File "C:\Users\adila\Downloads\fmeda_app27\fmeda_tool\services\export_service.py", line 816 in export_to_pdf
  File "C:\Users\adila\Downloads\fmeda_app27\tests\test_increment6.py", line 143 in test_pdf_export_service
  File "C:\Users\adila\.cache\codex-runtimes\codex-primary-runtime\dependencies\python\Lib\unittest\case.py", line 589 in _callTestMethod
  File "C:\Users\adila\.cache\codex-runtimes\codex-primary-runtime\dependencies\python\Lib\unittest\case.py", line 634 in run
  File "C:\Users\adila\.cache\codex-runtimes\codex-primary-runtime\dependencies\python\Lib\unittest\case.py", line 690 in __call__
  File "C:\Users\adila\Downloads\fmeda_app27\scratch\test-packages\_pytest\unittest.py", line 410 in runtest
  File "C:\Users\adila\Downloads\fmeda_app27\scratch\test-packages\_pytest\runner.py", line 184 in pytest_runtest_call
  File "C:\Users\adila\Downloads\fmeda_app27\scratch\test-packages\pluggy\_callers.py", line 121 in _multicall
  File "C:\Users\adila\Downloads\fmeda_app27\scratch\test-packages\pluggy\_manager.py", line 120 in _hookexec
  File "C:\Users\adila\Downloads\fmeda_app27\scratch\test-packages\pluggy\_hooks.py", line 512 in __call__
  File "C:\Users\adila\Downloads\fmeda_app27\scratch\test-packages\_pytest\runner.py", line 250 in <lambda>
  File "C:\Users\adila\Downloads\fmeda_app27\scratch\test-packages\_pytest\runner.py", line 361 in from_call
  File "C:\Users\adila\Downloads\fmeda_app27\scratch\test-packages\_pytest\runner.py", line 249 in call_and_report
  File "C:\Users\adila\Downloads\fmeda_app27\scratch\test-packages\_pytest\runner.py", line 139 in runtestprotocol
  File "C:\Users\adila\Downloads\fmeda_app27\scratch\test-packages\_pytest\runner.py", line 118 in pytest_runtest_protocol
  File "C:\Users\adila\Downloads\fmeda_app27\scratch\test-packages\pluggy\_callers.py", line 121 in _multicall
  File "C:\Users\adila\Downloads\fmeda_app27\scratch\test-packages\pluggy\_manager.py", line 120 in _hookexec
  File "C:\Users\adila\Downloads\fmeda_app27\scratch\test-packages\pluggy\_hooks.py", line 512 in __call__
  File "C:\Users\adila\Downloads\fmeda_app27\scratch\test-packages\_pytest\main.py", line 408 in pytest_runtestloop
  File "C:\Users\adila\Downloads\fmeda_app27\scratch\test-packages\pluggy\_callers.py", line 121 in _multicall
  File "C:\Users\adila\Downloads\fmeda_app27\scratch\test-packages\pluggy\_manager.py", line 120 in _hookexec
  File "C:\Users\adila\Downloads\fmeda_app27\scratch\test-packages\pluggy\_hooks.py", line 512 in __call__
  File "C:\Users\adila\Downloads\fmeda_app27\scratch\test-packages\_pytest\main.py", line 384 in _main
  File "C:\Users\adila\Downloads\fmeda_app27\scratch\test-packages\_pytest\main.py", line 330 in wrap_session
  File "C:\Users\adila\Downloads\fmeda_app27\scratch\test-packages\_pytest\main.py", line 377 in pytest_cmdline_main
  File "C:\Users\adila\Downloads\fmeda_app27\scratch\test-packages\pluggy\_callers.py", line 121 in _multicall
  File "C:\Users\adila\Downloads\fmeda_app27\scratch\test-packages\pluggy\_manager.py", line 120 in _hookexec
  File "C:\Users\adila\Downloads\fmeda_app27\scratch\test-packages\pluggy\_hooks.py", line 512 in __call__
  File "C:\Users\adila\Downloads\fmeda_app27\scratch\test-packages\_pytest\config\__init__.py", line 229 in _main
  File "C:\Users\adila\Downloads\fmeda_app27\scratch\test-packages\_pytest\config\__init__.py", line 253 in _console_main
  File "C:\Users\adila\Downloads\fmeda_app27\scratch\test-packages\pytest\__main__.py", line 9 in <module>
  File "<frozen runpy>", line 88 in _run_code
  File "<frozen runpy>", line 198 in _run_module_as_main
....................................................................s... [ 72%]
......................................................                   [100%]
============================== warnings summary ===============================
.venv\Lib\site-packages\pydantic\_internal\_config.py:271
.venv\Lib\site-packages\pydantic\_internal\_config.py:271
.venv\Lib\site-packages\pydantic\_internal\_config.py:271
.venv\Lib\site-packages\pydantic\_internal\_config.py:271
.venv\Lib\site-packages\pydantic\_internal\_config.py:271
.venv\Lib\site-packages\pydantic\_internal\_config.py:271
.venv\Lib\site-packages\pydantic\_internal\_config.py:271
.venv\Lib\site-packages\pydantic\_internal\_config.py:271
  C:\Users\adila\Downloads\fmeda_app27\.venv\Lib\site-packages\pydantic\_internal\_config.py:271: PydanticDeprecatedSince20: Support for class-based `config` is deprecated, use ConfigDict instead. Deprecated in Pydantic V2.0 to be removed in V3.0. See Pydantic V2 Migration Guide at https://errors.pydantic.dev/2.5/migration/
    warnings.warn(DEPRECATION_MESSAGE, DeprecationWarning)

-- Docs: https://docs.pytest.org/en/stable/how-to/capture-warnings.html
197 passed, 1 skipped, 8 warnings in 29.84s
