........................................................................ [ 32%]
Windows fatal exception: code 0x80040155

Thread 0x00006668 (most recent call first):
  File "C:\Users\adila\Downloads\fmeda_app27\fmeda_tool\services\export_service.py", line 824 in export_to_pdf
  File "C:\Users\adila\Downloads\fmeda_app27\tests\test_increment6.py", line 143 in test_pdf_export_service
  File "C:\Users\adila\.cache\codex-runtimes\codex-primary-runtime\dependencies\python\Lib\unittest\case.py", line 589 in _callTestMethod
  File "C:\Users\adila\.cache\codex-runtimes\codex-primary-runtime\dependencies\python\Lib\unittest\case.py", line 634 in run
  File "C:\Users\adila\.cache\codex-runtimes\codex-primary-runtime\dependencies\python\Lib\unittest\case.py", line 690 in __call__
  File "C:\Users\adila\Downloads\fmeda_app27\scratch\test-packages\_pytest\unittest.py", line 410 in runtest
  File "C:\Users\adila\Downloads\fmeda_app27\scratch\test-packages\_pytest\runner.py", line 184 in pytest_runtest_call
  File "C:\Users\adila\Downloads\fmeda_app27\scratch\test-packages\pluggy\_callers.py", line 121 in _multicall
  File "C:\Users\adila\Downloads\fmeda_app27\scratch\test-packages\pluggy\_manager.py", line 120 in _hookexec
  File "C:\Users\adila\Downloads\fmeda_app27\scratch\test-packages\pluggy\_hooks.py", line 512 in __call__
  File "C:\Users\adila\Downloads\fmeda_app27\scratch\test-packages\_pytest\runner.py", line 250 in <lambda>
  File "C:\Users\adila\Downloads\fmeda_app27\scratch\test-packages\_pytest\runner.py", line 361 in from_call
  File "C:\Users\adila\Downloads\fmeda_app27\scratch\test-packages\_pytest\runner.py", line 249 in call_and_report
  File "C:\Users\adila\Downloads\fmeda_app27\scratch\test-packages\_pytest\runner.py", line 139 in runtestprotocol
  File "C:\Users\adila\Downloads\fmeda_app27\scratch\test-packages\_pytest\runner.py", line 118 in pytest_runtest_protocol
  File "C:\Users\adila\Downloads\fmeda_app27\scratch\test-packages\pluggy\_callers.py", line 121 in _multicall
  File "C:\Users\adila\Downloads\fmeda_app27\scratch\test-packages\pluggy\_manager.py", line 120 in _hookexec
  File "C:\Users\adila\Downloads\fmeda_app27\scratch\test-packages\pluggy\_hooks.py", line 512 in __call__
  File "C:\Users\adila\Downloads\fmeda_app27\scratch\test-packages\_pytest\main.py", line 408 in pytest_runtestloop
  File "C:\Users\adila\Downloads\fmeda_app27\scratch\test-packages\pluggy\_callers.py", line 121 in _multicall
  File "C:\Users\adila\Downloads\fmeda_app27\scratch\test-packages\pluggy\_manager.py", line 120 in _hookexec
  File "C:\Users\adila\Downloads\fmeda_app27\scratch\test-packages\pluggy\_hooks.py", line 512 in __call__
  File "C:\Users\adila\Downloads\fmeda_app27\scratch\test-packages\_pytest\main.py", line 384 in _main
  File "C:\Users\adila\Downloads\fmeda_app27\scratch\test-packages\_pytest\main.py", line 330 in wrap_session
  File "C:\Users\adila\Downloads\fmeda_app27\scratch\test-packages\_pytest\main.py", line 377 in pytest_cmdline_main
  File "C:\Users\adila\Downloads\fmeda_app27\scratch\test-packages\pluggy\_callers.py", line 121 in _multicall
  File "C:\Users\adila\Downloads\fmeda_app27\scratch\test-packages\pluggy\_manager.py", line 120 in _hookexec
  File "C:\Users\adila\Downloads\fmeda_app27\scratch\test-packages\pluggy\_hooks.py", line 512 in __call__
  File "C:\Users\adila\Downloads\fmeda_app27\scratch\test-packages\_pytest\config\__init__.py", line 229 in _main
  File "C:\Users\adila\Downloads\fmeda_app27\scratch\test-packages\_pytest\config\__init__.py", line 253 in _console_main
  File "C:\Users\adila\Downloads\fmeda_app27\scratch\test-packages\pytest\__main__.py", line 9 in <module>
  File "<frozen runpy>", line 88 in _run_code
  File "<frozen runpy>", line 198 in _run_module_as_main
Windows fatal exception: code 0x80040155

Current thread 0x00006668 (most recent call first):
  File "C:\Users\adila\Downloads\fmeda_app27\fmeda_tool\services\export_service.py", line 824 in export_to_pdf
  File "C:\Users\adila\Downloads\fmeda_app27\tests\test_increment6.py", line 143 in test_pdf_export_service
  File "C:\Users\adila\.cache\codex-runtimes\codex-primary-runtime\dependencies\python\Lib\unittest\case.py", line 589 in _callTestMethod
  File "C:\Users\adila\.cache\codex-runtimes\codex-primary-runtime\dependencies\python\Lib\unittest\case.py", line 634 in run
  File "C:\Users\adila\.cache\codex-runtimes\codex-primary-runtime\dependencies\python\Lib\unittest\case.py", line 690 in __call__
  File "C:\Users\adila\Downloads\fmeda_app27\scratch\test-packages\_pytest\unittest.py", line 410 in runtest
  File "C:\Users\adila\Downloads\fmeda_app27\scratch\test-packages\_pytest\runner.py", line 184 in pytest_runtest_call
  File "C:\Users\adila\Downloads\fmeda_app27\scratch\test-packages\pluggy\_callers.py", line 121 in _multicall
  File "C:\Users\adila\Downloads\fmeda_app27\scratch\test-packages\pluggy\_manager.py", line 120 in _hookexec
  File "C:\Users\adila\Downloads\fmeda_app27\scratch\test-packages\pluggy\_hooks.py", line 512 in __call__
  File "C:\Users\adila\Downloads\fmeda_app27\scratch\test-packages\_pytest\runner.py", line 250 in <lambda>
  File "C:\Users\adila\Downloads\fmeda_app27\scratch\test-packages\_pytest\runner.py", line 361 in from_call
  File "C:\Users\adila\Downloads\fmeda_app27\scratch\test-packages\_pytest\runner.py", line 249 in call_and_report
  File "C:\Users\adila\Downloads\fmeda_app27\scratch\test-packages\_pytest\runner.py", line 139 in runtestprotocol
  File "C:\Users\adila\Downloads\fmeda_app27\scratch\test-packages\_pytest\runner.py", line 118 in pytest_runtest_protocol
  File "C:\Users\adila\Downloads\fmeda_app27\scratch\test-packages\pluggy\_callers.py", line 121 in _multicall
  File "C:\Users\adila\Downloads\fmeda_app27\scratch\test-packages\pluggy\_manager.py", line 120 in _hookexec
  File "C:\Users\adila\Downloads\fmeda_app27\scratch\test-packages\pluggy\_hooks.py", line 512 in __call__
  File "C:\Users\adila\Downloads\fmeda_app27\scratch\test-packages\_pytest\main.py", line 408 in pytest_runtestloop
  File "C:\Users\adila\Downloads\fmeda_app27\scratch\test-packages\pluggy\_callers.py", line 121 in _multicall
  File "C:\Users\adila\Downloads\fmeda_app27\scratch\test-packages\pluggy\_manager.py", line 120 in _hookexec
  File "C:\Users\adila\Downloads\fmeda_app27\scratch\test-packages\pluggy\_hooks.py", line 512 in __call__
  File "C:\Users\adila\Downloads\fmeda_app27\scratch\test-packages\_pytest\main.py", line 384 in _main
  File "C:\Users\adila\Downloads\fmeda_app27\scratch\test-packages\_pytest\main.py", line 330 in wrap_session
  File "C:\Users\adila\Downloads\fmeda_app27\scratch\test-packages\_pytest\main.py", line 377 in pytest_cmdline_main
  File "C:\Users\adila\Downloads\fmeda_app27\scratch\test-packages\pluggy\_callers.py", line 121 in _multicall
  File "C:\Users\adila\Downloads\fmeda_app27\scratch\test-packages\pluggy\_manager.py", line 120 in _hookexec
  File "C:\Users\adila\Downloads\fmeda_app27\scratch\test-packages\pluggy\_hooks.py", line 512 in __call__
  File "C:\Users\adila\Downloads\fmeda_app27\scratch\test-packages\_pytest\config\__init__.py", line 229 in _main
  File "C:\Users\adila\Downloads\fmeda_app27\scratch\test-packages\_pytest\config\__init__.py", line 253 in _console_main
  File "C:\Users\adila\Downloads\fmeda_app27\scratch\test-packages\pytest\__main__.py", line 9 in <module>
  File "<frozen runpy>", line 88 in _run_code
  File "<frozen runpy>", line 198 in _run_module_as_main
Windows fatal exception: code 0x80040155

Thread 0x00006668 (most recent call first):
  File "C:\Users\adila\Downloads\fmeda_app27\fmeda_tool\services\export_service.py", line 824 in export_to_pdf
  File "C:\Users\adila\Downloads\fmeda_app27\tests\test_increment6.py", line 143 in test_pdf_export_service
  File "C:\Users\adila\.cache\codex-runtimes\codex-primary-runtime\dependencies\python\Lib\unittest\case.py", line 589 in _callTestMethod
  File "C:\Users\adila\.cache\codex-runtimes\codex-primary-runtime\dependencies\python\Lib\unittest\case.py", line 634 in run
  File "C:\Users\adila\.cache\codex-runtimes\codex-primary-runtime\dependencies\python\Lib\unittest\case.py", line 690 in __call__
  File "C:\Users\adila\Downloads\fmeda_app27\scratch\test-packages\_pytest\unittest.py", line 410 in runtest
  File "C:\Users\adila\Downloads\fmeda_app27\scratch\test-packages\_pytest\runner.py", line 184 in pytest_runtest_call
  File "C:\Users\adila\Downloads\fmeda_app27\scratch\test-packages\pluggy\_callers.py", line 121 in _multicall
  File "C:\Users\adila\Downloads\fmeda_app27\scratch\test-packages\pluggy\_manager.py", line 120 in _hookexec
  File "C:\Users\adila\Downloads\fmeda_app27\scratch\test-packages\pluggy\_hooks.py", line 512 in __call__
  File "C:\Users\adila\Downloads\fmeda_app27\scratch\test-packages\_pytest\runner.py", line 250 in <lambda>
  File "C:\Users\adila\Downloads\fmeda_app27\scratch\test-packages\_pytest\runner.py", line 361 in from_call
  File "C:\Users\adila\Downloads\fmeda_app27\scratch\test-packages\_pytest\runner.py", line 249 in call_and_report
  File "C:\Users\adila\Downloads\fmeda_app27\scratch\test-packages\_pytest\runner.py", line 139 in runtestprotocol
  File "C:\Users\adila\Downloads\fmeda_app27\scratch\test-packages\_pytest\runner.py", line 118 in pytest_runtest_protocol
  File "C:\Users\adila\Downloads\fmeda_app27\scratch\test-packages\pluggy\_callers.py", line 121 in _multicall
  File "C:\Users\adila\Downloads\fmeda_app27\scratch\test-packages\pluggy\_manager.py", line 120 in _hookexec
  File "C:\Users\adila\Downloads\fmeda_app27\scratch\test-packages\pluggy\_hooks.py", line 512 in __call__
  File "C:\Users\adila\Downloads\fmeda_app27\scratch\test-packages\_pytest\main.py", line 408 in pytest_runtestloop
  File "C:\Users\adila\Downloads\fmeda_app27\scratch\test-packages\pluggy\_callers.py", line 121 in _multicall
  File "C:\Users\adila\Downloads\fmeda_app27\scratch\test-packages\pluggy\_manager.py", line 120 in _hookexec
  File "C:\Users\adila\Downloads\fmeda_app27\scratch\test-packages\pluggy\_hooks.py", line 512 in __call__
  File "C:\Users\adila\Downloads\fmeda_app27\scratch\test-packages\_pytest\main.py", line 384 in _main
  File "C:\Users\adila\Downloads\fmeda_app27\scratch\test-packages\_pytest\main.py", line 330 in wrap_session
  File "C:\Users\adila\Downloads\fmeda_app27\scratch\test-packages\_pytest\main.py", line 377 in pytest_cmdline_main
  File "C:\Users\adila\Downloads\fmeda_app27\scratch\test-packages\pluggy\_callers.py", line 121 in _multicall
  File "C:\Users\adila\Downloads\fmeda_app27\scratch\test-packages\pluggy\_manager.py", line 120 in _hookexec
  File "C:\Users\adila\Downloads\fmeda_app27\scratch\test-packages\pluggy\_hooks.py", line 512 in __call__
  File "C:\Users\adila\Downloads\fmeda_app27\scratch\test-packages\_pytest\config\__init__.py", line 229 in _main
  File "C:\Users\adila\Downloads\fmeda_app27\scratch\test-packages\_pytest\config\__init__.py", line 253 in _console_main
  File "C:\Users\adila\Downloads\fmeda_app27\scratch\test-packages\pytest\__main__.py", line 9 in <module>
  File "<frozen runpy>", line 88 in _run_code
  File "<frozen runpy>", line 198 in _run_module_as_main
Windows fatal exception: code 0x80040155

Current thread 0x00006668 (most recent call first):
  File "C:\Users\adila\Downloads\fmeda_app27\fmeda_tool\services\export_service.py", line 824 in export_to_pdf
  File "C:\Users\adila\Downloads\fmeda_app27\tests\test_increment6.py", line 143 in test_pdf_export_service
  File "C:\Users\adila\.cache\codex-runtimes\codex-primary-runtime\dependencies\python\Lib\unittest\case.py", line 589 in _callTestMethod
  File "C:\Users\adila\.cache\codex-runtimes\codex-primary-runtime\dependencies\python\Lib\unittest\case.py", line 634 in run
  File "C:\Users\adila\.cache\codex-runtimes\codex-primary-runtime\dependencies\python\Lib\unittest\case.py", line 690 in __call__
  File "C:\Users\adila\Downloads\fmeda_app27\scratch\test-packages\_pytest\unittest.py", line 410 in runtest
  File "C:\Users\adila\Downloads\fmeda_app27\scratch\test-packages\_pytest\runner.py", line 184 in pytest_runtest_call
  File "C:\Users\adila\Downloads\fmeda_app27\scratch\test-packages\pluggy\_callers.py", line 121 in _multicall
  File "C:\Users\adila\Downloads\fmeda_app27\scratch\test-packages\pluggy\_manager.py", line 120 in _hookexec
  File "C:\Users\adila\Downloads\fmeda_app27\scratch\test-packages\pluggy\_hooks.py", line 512 in __call__
  File "C:\Users\adila\Downloads\fmeda_app27\scratch\test-packages\_pytest\runner.py", line 250 in <lambda>
  File "C:\Users\adila\Downloads\fmeda_app27\scratch\test-packages\_pytest\runner.py", line 361 in from_call
  File "C:\Users\adila\Downloads\fmeda_app27\scratch\test-packages\_pytest\runner.py", line 249 in call_and_report
  File "C:\Users\adila\Downloads\fmeda_app27\scratch\test-packages\_pytest\runner.py", line 139 in runtestprotocol
  File "C:\Users\adila\Downloads\fmeda_app27\scratch\test-packages\_pytest\runner.py", line 118 in pytest_runtest_protocol
  File "C:\Users\adila\Downloads\fmeda_app27\scratch\test-packages\pluggy\_callers.py", line 121 in _multicall
  File "C:\Users\adila\Downloads\fmeda_app27\scratch\test-packages\pluggy\_manager.py", line 120 in _hookexec
  File "C:\Users\adila\Downloads\fmeda_app27\scratch\test-packages\pluggy\_hooks.py", line 512 in __call__
  File "C:\Users\adila\Downloads\fmeda_app27\scratch\test-packages\_pytest\main.py", line 408 in pytest_runtestloop
  File "C:\Users\adila\Downloads\fmeda_app27\scratch\test-packages\pluggy\_callers.py", line 121 in _multicall
  File "C:\Users\adila\Downloads\fmeda_app27\scratch\test-packages\pluggy\_manager.py", line 120 in _hookexec
  File "C:\Users\adila\Downloads\fmeda_app27\scratch\test-packages\pluggy\_hooks.py", line 512 in __call__
  File "C:\Users\adila\Downloads\fmeda_app27\scratch\test-packages\_pytest\main.py", line 384 in _main
  File "C:\Users\adila\Downloads\fmeda_app27\scratch\test-packages\_pytest\main.py", line 330 in wrap_session
  File "C:\Users\adila\Downloads\fmeda_app27\scratch\test-packages\_pytest\main.py", line 377 in pytest_cmdline_main
  File "C:\Users\adila\Downloads\fmeda_app27\scratch\test-packages\pluggy\_callers.py", line 121 in _multicall
  File "C:\Users\adila\Downloads\fmeda_app27\scratch\test-packages\pluggy\_manager.py", line 120 in _hookexec
  File "C:\Users\adila\Downloads\fmeda_app27\scratch\test-packages\pluggy\_hooks.py", line 512 in __call__
  File "C:\Users\adila\Downloads\fmeda_app27\scratch\test-packages\_pytest\config\__init__.py", line 229 in _main
  File "C:\Users\adila\Downloads\fmeda_app27\scratch\test-packages\_pytest\config\__init__.py", line 253 in _console_main
  File "C:\Users\adila\Downloads\fmeda_app27\scratch\test-packages\pytest\__main__.py", line 9 in <module>
  File "<frozen runpy>", line 88 in _run_code
  File "<frozen runpy>", line 198 in _run_module_as_main
Windows fatal exception: code 0x80040155

Thread 0x00006668 (most recent call first):
  File "C:\Users\adila\Downloads\fmeda_app27\fmeda_tool\services\export_service.py", line 824 in export_to_pdf
  File "C:\Users\adila\Downloads\fmeda_app27\tests\test_increment6.py", line 143 in test_pdf_export_service
  File "C:\Users\adila\.cache\codex-runtimes\codex-primary-runtime\dependencies\python\Lib\unittest\case.py", line 589 in _callTestMethod
  File "C:\Users\adila\.cache\codex-runtimes\codex-primary-runtime\dependencies\python\Lib\unittest\case.py", line 634 in run
  File "C:\Users\adila\.cache\codex-runtimes\codex-primary-runtime\dependencies\python\Lib\unittest\case.py", line 690 in __call__
  File "C:\Users\adila\Downloads\fmeda_app27\scratch\test-packages\_pytest\unittest.py", line 410 in runtest
  File "C:\Users\adila\Downloads\fmeda_app27\scratch\test-packages\_pytest\runner.py", line 184 in pytest_runtest_call
  File "C:\Users\adila\Downloads\fmeda_app27\scratch\test-packages\pluggy\_callers.py", line 121 in _multicall
  File "C:\Users\adila\Downloads\fmeda_app27\scratch\test-packages\pluggy\_manager.py", line 120 in _hookexec
  File "C:\Users\adila\Downloads\fmeda_app27\scratch\test-packages\pluggy\_hooks.py", line 512 in __call__
  File "C:\Users\adila\Downloads\fmeda_app27\scratch\test-packages\_pytest\runner.py", line 250 in <lambda>
  File "C:\Users\adila\Downloads\fmeda_app27\scratch\test-packages\_pytest\runner.py", line 361 in from_call
  File "C:\Users\adila\Downloads\fmeda_app27\scratch\test-packages\_pytest\runner.py", line 249 in call_and_report
  File "C:\Users\adila\Downloads\fmeda_app27\scratch\test-packages\_pytest\runner.py", line 139 in runtestprotocol
  File "C:\Users\adila\Downloads\fmeda_app27\scratch\test-packages\_pytest\runner.py", line 118 in pytest_runtest_protocol
  File "C:\Users\adila\Downloads\fmeda_app27\scratch\test-packages\pluggy\_callers.py", line 121 in _multicall
  File "C:\Users\adila\Downloads\fmeda_app27\scratch\test-packages\pluggy\_manager.py", line 120 in _hookexec
  File "C:\Users\adila\Downloads\fmeda_app27\scratch\test-packages\pluggy\_hooks.py", line 512 in __call__
  File "C:\Users\adila\Downloads\fmeda_app27\scratch\test-packages\_pytest\main.py", line 408 in pytest_runtestloop
  File "C:\Users\adila\Downloads\fmeda_app27\scratch\test-packages\pluggy\_callers.py", line 121 in _multicall
  File "C:\Users\adila\Downloads\fmeda_app27\scratch\test-packages\pluggy\_manager.py", line 120 in _hookexec
  File "C:\Users\adila\Downloads\fmeda_app27\scratch\test-packages\pluggy\_hooks.py", line 512 in __call__
  File "C:\Users\adila\Downloads\fmeda_app27\scratch\test-packages\_pytest\main.py", line 384 in _main
  File "C:\Users\adila\Downloads\fmeda_app27\scratch\test-packages\_pytest\main.py", line 330 in wrap_session
  File "C:\Users\adila\Downloads\fmeda_app27\scratch\test-packages\_pytest\main.py", line 377 in pytest_cmdline_main
  File "C:\Users\adila\Downloads\fmeda_app27\scratch\test-packages\pluggy\_callers.py", line 121 in _multicall
  File "C:\Users\adila\Downloads\fmeda_app27\scratch\test-packages\pluggy\_manager.py", line 120 in _hookexec
  File "C:\Users\adila\Downloads\fmeda_app27\scratch\test-packages\pluggy\_hooks.py", line 512 in __call__
  File "C:\Users\adila\Downloads\fmeda_app27\scratch\test-packages\_pytest\config\__init__.py", line 229 in _main
  File "C:\Users\adila\Downloads\fmeda_app27\scratch\test-packages\_pytest\config\__init__.py", line 253 in _console_main
  File "C:\Users\adila\Downloads\fmeda_app27\scratch\test-packages\pytest\__main__.py", line 9 in <module>
  File "<frozen runpy>", line 88 in _run_code
  File "<frozen runpy>", line 198 in _run_module_as_main
Windows fatal exception: code 0x80040155

Current thread 0x00006668 (most recent call first):
  File "C:\Users\adila\Downloads\fmeda_app27\fmeda_tool\services\export_service.py", line 824 in export_to_pdf
  File "C:\Users\adila\Downloads\fmeda_app27\tests\test_increment6.py", line 143 in test_pdf_export_service
  File "C:\Users\adila\.cache\codex-runtimes\codex-primary-runtime\dependencies\python\Lib\unittest\case.py", line 589 in _callTestMethod
  File "C:\Users\adila\.cache\codex-runtimes\codex-primary-runtime\dependencies\python\Lib\unittest\case.py", line 634 in run
  File "C:\Users\adila\.cache\codex-runtimes\codex-primary-runtime\dependencies\python\Lib\unittest\case.py", line 690 in __call__
  File "C:\Users\adila\Downloads\fmeda_app27\scratch\test-packages\_pytest\unittest.py", line 410 in runtest
  File "C:\Users\adila\Downloads\fmeda_app27\scratch\test-packages\_pytest\runner.py", line 184 in pytest_runtest_call
  File "C:\Users\adila\Downloads\fmeda_app27\scratch\test-packages\pluggy\_callers.py", line 121 in _multicall
  File "C:\Users\adila\Downloads\fmeda_app27\scratch\test-packages\pluggy\_manager.py", line 120 in _hookexec
  File "C:\Users\adila\Downloads\fmeda_app27\scratch\test-packages\pluggy\_hooks.py", line 512 in __call__
  File "C:\Users\adila\Downloads\fmeda_app27\scratch\test-packages\_pytest\runner.py", line 250 in <lambda>
  File "C:\Users\adila\Downloads\fmeda_app27\scratch\test-packages\_pytest\runner.py", line 361 in from_call
  File "C:\Users\adila\Downloads\fmeda_app27\scratch\test-packages\_pytest\runner.py", line 249 in call_and_report
  File "C:\Users\adila\Downloads\fmeda_app27\scratch\test-packages\_pytest\runner.py", line 139 in runtestprotocol
  File "C:\Users\adila\Downloads\fmeda_app27\scratch\test-packages\_pytest\runner.py", line 118 in pytest_runtest_protocol
  File "C:\Users\adila\Downloads\fmeda_app27\scratch\test-packages\pluggy\_callers.py", line 121 in _multicall
  File "C:\Users\adila\Downloads\fmeda_app27\scratch\test-packages\pluggy\_manager.py", line 120 in _hookexec
  File "C:\Users\adila\Downloads\fmeda_app27\scratch\test-packages\pluggy\_hooks.py", line 512 in __call__
  File "C:\Users\adila\Downloads\fmeda_app27\scratch\test-packages\_pytest\main.py", line 408 in pytest_runtestloop
  File "C:\Users\adila\Downloads\fmeda_app27\scratch\test-packages\pluggy\_callers.py", line 121 in _multicall
  File "C:\Users\adila\Downloads\fmeda_app27\scratch\test-packages\pluggy\_manager.py", line 120 in _hookexec
  File "C:\Users\adila\Downloads\fmeda_app27\scratch\test-packages\pluggy\_hooks.py", line 512 in __call__
  File "C:\Users\adila\Downloads\fmeda_app27\scratch\test-packages\_pytest\main.py", line 384 in _main
  File "C:\Users\adila\Downloads\fmeda_app27\scratch\test-packages\_pytest\main.py", line 330 in wrap_session
  File "C:\Users\adila\Downloads\fmeda_app27\scratch\test-packages\_pytest\main.py", line 377 in pytest_cmdline_main
  File "C:\Users\adila\Downloads\fmeda_app27\scratch\test-packages\pluggy\_callers.py", line 121 in _multicall
  File "C:\Users\adila\Downloads\fmeda_app27\scratch\test-packages\pluggy\_manager.py", line 120 in _hookexec
  File "C:\Users\adila\Downloads\fmeda_app27\scratch\test-packages\pluggy\_hooks.py", line 512 in __call__
  File "C:\Users\adila\Downloads\fmeda_app27\scratch\test-packages\_pytest\config\__init__.py", line 229 in _main
  File "C:\Users\adila\Downloads\fmeda_app27\scratch\test-packages\_pytest\config\__init__.py", line 253 in _console_main
  File "C:\Users\adila\Downloads\fmeda_app27\scratch\test-packages\pytest\__main__.py", line 9 in <module>
  File "<frozen runpy>", line 88 in _run_code
  File "<frozen runpy>", line 198 in _run_module_as_main
Windows fatal exception: code 0x80040155

Thread 0x00006668 (most recent call first):
  File "C:\Users\adila\Downloads\fmeda_app27\fmeda_tool\services\export_service.py", line 824 in export_to_pdf
  File "C:\Users\adila\Downloads\fmeda_app27\tests\test_increment6.py", line 143 in test_pdf_export_service
  File "C:\Users\adila\.cache\codex-runtimes\codex-primary-runtime\dependencies\python\Lib\unittest\case.py", line 589 in _callTestMethod
  File "C:\Users\adila\.cache\codex-runtimes\codex-primary-runtime\dependencies\python\Lib\unittest\case.py", line 634 in run
  File "C:\Users\adila\.cache\codex-runtimes\codex-primary-runtime\dependencies\python\Lib\unittest\case.py", line 690 in __call__
  File "C:\Users\adila\Downloads\fmeda_app27\scratch\test-packages\_pytest\unittest.py", line 410 in runtest
  File "C:\Users\adila\Downloads\fmeda_app27\scratch\test-packages\_pytest\runner.py", line 184 in pytest_runtest_call
  File "C:\Users\adila\Downloads\fmeda_app27\scratch\test-packages\pluggy\_callers.py", line 121 in _multicall
  File "C:\Users\adila\Downloads\fmeda_app27\scratch\test-packages\pluggy\_manager.py", line 120 in _hookexec
  File "C:\Users\adila\Downloads\fmeda_app27\scratch\test-packages\pluggy\_hooks.py", line 512 in __call__
  File "C:\Users\adila\Downloads\fmeda_app27\scratch\test-packages\_pytest\runner.py", line 250 in <lambda>
  File "C:\Users\adila\Downloads\fmeda_app27\scratch\test-packages\_pytest\runner.py", line 361 in from_call
  File "C:\Users\adila\Downloads\fmeda_app27\scratch\test-packages\_pytest\runner.py", line 249 in call_and_report
  File "C:\Users\adila\Downloads\fmeda_app27\scratch\test-packages\_pytest\runner.py", line 139 in runtestprotocol
  File "C:\Users\adila\Downloads\fmeda_app27\scratch\test-packages\_pytest\runner.py", line 118 in pytest_runtest_protocol
  File "C:\Users\adila\Downloads\fmeda_app27\scratch\test-packages\pluggy\_callers.py", line 121 in _multicall
  File "C:\Users\adila\Downloads\fmeda_app27\scratch\test-packages\pluggy\_manager.py", line 120 in _hookexec
  File "C:\Users\adila\Downloads\fmeda_app27\scratch\test-packages\pluggy\_hooks.py", line 512 in __call__
  File "C:\Users\adila\Downloads\fmeda_app27\scratch\test-packages\_pytest\main.py", line 408 in pytest_runtestloop
  File "C:\Users\adila\Downloads\fmeda_app27\scratch\test-packages\pluggy\_callers.py", line 121 in _multicall
  File "C:\Users\adila\Downloads\fmeda_app27\scratch\test-packages\pluggy\_manager.py", line 120 in _hookexec
  File "C:\Users\adila\Downloads\fmeda_app27\scratch\test-packages\pluggy\_hooks.py", line 512 in __call__
  File "C:\Users\adila\Downloads\fmeda_app27\scratch\test-packages\_pytest\main.py", line 384 in _main
  File "C:\Users\adila\Downloads\fmeda_app27\scratch\test-packages\_pytest\main.py", line 330 in wrap_session
  File "C:\Users\adila\Downloads\fmeda_app27\scratch\test-packages\_pytest\main.py", line 377 in pytest_cmdline_main
  File "C:\Users\adila\Downloads\fmeda_app27\scratch\test-packages\pluggy\_callers.py", line 121 in _multicall
  File "C:\Users\adila\Downloads\fmeda_app27\scratch\test-packages\pluggy\_manager.py", line 120 in _hookexec
  File "C:\Users\adila\Downloads\fmeda_app27\scratch\test-packages\pluggy\_hooks.py", line 512 in __call__
  File "C:\Users\adila\Downloads\fmeda_app27\scratch\test-packages\_pytest\config\__init__.py", line 229 in _main
  File "C:\Users\adila\Downloads\fmeda_app27\scratch\test-packages\_pytest\config\__init__.py", line 253 in _console_main
  File "C:\Users\adila\Downloads\fmeda_app27\scratch\test-packages\pytest\__main__.py", line 9 in <module>
  File "<frozen runpy>", line 88 in _run_code
  File "<frozen runpy>", line 198 in _run_module_as_main
Windows fatal exception: code 0x80040155

Current thread 0x00006668 (most recent call first):
  File "C:\Users\adila\Downloads\fmeda_app27\fmeda_tool\services\export_service.py", line 824 in export_to_pdf
  File "C:\Users\adila\Downloads\fmeda_app27\tests\test_increment6.py", line 143 in test_pdf_export_service
  File "C:\Users\adila\.cache\codex-runtimes\codex-primary-runtime\dependencies\python\Lib\unittest\case.py", line 589 in _callTestMethod
  File "C:\Users\adila\.cache\codex-runtimes\codex-primary-runtime\dependencies\python\Lib\unittest\case.py", line 634 in run
  File "C:\Users\adila\.cache\codex-runtimes\codex-primary-runtime\dependencies\python\Lib\unittest\case.py", line 690 in __call__
  File "C:\Users\adila\Downloads\fmeda_app27\scratch\test-packages\_pytest\unittest.py", line 410 in runtest
  File "C:\Users\adila\Downloads\fmeda_app27\scratch\test-packages\_pytest\runner.py", line 184 in pytest_runtest_call
  File "C:\Users\adila\Downloads\fmeda_app27\scratch\test-packages\pluggy\_callers.py", line 121 in _multicall
  File "C:\Users\adila\Downloads\fmeda_app27\scratch\test-packages\pluggy\_manager.py", line 120 in _hookexec
  File "C:\Users\adila\Downloads\fmeda_app27\scratch\test-packages\pluggy\_hooks.py", line 512 in __call__
  File "C:\Users\adila\Downloads\fmeda_app27\scratch\test-packages\_pytest\runner.py", line 250 in <lambda>
  File "C:\Users\adila\Downloads\fmeda_app27\scratch\test-packages\_pytest\runner.py", line 361 in from_call
  File "C:\Users\adila\Downloads\fmeda_app27\scratch\test-packages\_pytest\runner.py", line 249 in call_and_report
  File "C:\Users\adila\Downloads\fmeda_app27\scratch\test-packages\_pytest\runner.py", line 139 in runtestprotocol
  File "C:\Users\adila\Downloads\fmeda_app27\scratch\test-packages\_pytest\runner.py", line 118 in pytest_runtest_protocol
  File "C:\Users\adila\Downloads\fmeda_app27\scratch\test-packages\pluggy\_callers.py", line 121 in _multicall
  File "C:\Users\adila\Downloads\fmeda_app27\scratch\test-packages\pluggy\_manager.py", line 120 in _hookexec
  File "C:\Users\adila\Downloads\fmeda_app27\scratch\test-packages\pluggy\_hooks.py", line 512 in __call__
  File "C:\Users\adila\Downloads\fmeda_app27\scratch\test-packages\_pytest\main.py", line 408 in pytest_runtestloop
  File "C:\Users\adila\Downloads\fmeda_app27\scratch\test-packages\pluggy\_callers.py", line 121 in _multicall
  File "C:\Users\adila\Downloads\fmeda_app27\scratch\test-packages\pluggy\_manager.py", line 120 in _hookexec
  File "C:\Users\adila\Downloads\fmeda_app27\scratch\test-packages\pluggy\_hooks.py", line 512 in __call__
  File "C:\Users\adila\Downloads\fmeda_app27\scratch\test-packages\_pytest\main.py", line 384 in _main
  File "C:\Users\adila\Downloads\fmeda_app27\scratch\test-packages\_pytest\main.py", line 330 in wrap_session
  File "C:\Users\adila\Downloads\fmeda_app27\scratch\test-packages\_pytest\main.py", line 377 in pytest_cmdline_main
  File "C:\Users\adila\Downloads\fmeda_app27\scratch\test-packages\pluggy\_callers.py", line 121 in _multicall
  File "C:\Users\adila\Downloads\fmeda_app27\scratch\test-packages\pluggy\_manager.py", line 120 in _hookexec
  File "C:\Users\adila\Downloads\fmeda_app27\scratch\test-packages\pluggy\_hooks.py", line 512 in __call__
  File "C:\Users\adila\Downloads\fmeda_app27\scratch\test-packages\_pytest\config\__init__.py", line 229 in _main
  File "C:\Users\adila\Downloads\fmeda_app27\scratch\test-packages\_pytest\config\__init__.py", line 253 in _console_main
  File "C:\Users\adila\Downloads\fmeda_app27\scratch\test-packages\pytest\__main__.py", line 9 in <module>
  File "<frozen runpy>", line 88 in _run_code
  File "<frozen runpy>", line 198 in _run_module_as_main
Windows fatal exception: code 0x80040155

Thread 0x00006668 (most recent call first):
  File "C:\Users\adila\Downloads\fmeda_app27\fmeda_tool\services\export_service.py", line 824 in export_to_pdf
  File "C:\Users\adila\Downloads\fmeda_app27\tests\test_increment6.py", line 143 in test_pdf_export_service
  File "C:\Users\adila\.cache\codex-runtimes\codex-primary-runtime\dependencies\python\Lib\unittest\case.py", line 589 in _callTestMethod
  File "C:\Users\adila\.cache\codex-runtimes\codex-primary-runtime\dependencies\python\Lib\unittest\case.py", line 634 in run
  File "C:\Users\adila\.cache\codex-runtimes\codex-primary-runtime\dependencies\python\Lib\unittest\case.py", line 690 in __call__
  File "C:\Users\adila\Downloads\fmeda_app27\scratch\test-packages\_pytest\unittest.py", line 410 in runtest
  File "C:\Users\adila\Downloads\fmeda_app27\scratch\test-packages\_pytest\runner.py", line 184 in pytest_runtest_call
  File "C:\Users\adila\Downloads\fmeda_app27\scratch\test-packages\pluggy\_callers.py", line 121 in _multicall
  File "C:\Users\adila\Downloads\fmeda_app27\scratch\test-packages\pluggy\_manager.py", line 120 in _hookexec
  File "C:\Users\adila\Downloads\fmeda_app27\scratch\test-packages\pluggy\_hooks.py", line 512 in __call__
  File "C:\Users\adila\Downloads\fmeda_app27\scratch\test-packages\_pytest\runner.py", line 250 in <lambda>
  File "C:\Users\adila\Downloads\fmeda_app27\scratch\test-packages\_pytest\runner.py", line 361 in from_call
  File "C:\Users\adila\Downloads\fmeda_app27\scratch\test-packages\_pytest\runner.py", line 249 in call_and_report
  File "C:\Users\adila\Downloads\fmeda_app27\scratch\test-packages\_pytest\runner.py", line 139 in runtestprotocol
  File "C:\Users\adila\Downloads\fmeda_app27\scratch\test-packages\_pytest\runner.py", line 118 in pytest_runtest_protocol
  File "C:\Users\adila\Downloads\fmeda_app27\scratch\test-packages\pluggy\_callers.py", line 121 in _multicall
  File "C:\Users\adila\Downloads\fmeda_app27\scratch\test-packages\pluggy\_manager.py", line 120 in _hookexec
  File "C:\Users\adila\Downloads\fmeda_app27\scratch\test-packages\pluggy\_hooks.py", line 512 in __call__
  File "C:\Users\adila\Downloads\fmeda_app27\scratch\test-packages\_pytest\main.py", line 408 in pytest_runtestloop
  File "C:\Users\adila\Downloads\fmeda_app27\scratch\test-packages\pluggy\_callers.py", line 121 in _multicall
  File "C:\Users\adila\Downloads\fmeda_app27\scratch\test-packages\pluggy\_manager.py", line 120 in _hookexec
  File "C:\Users\adila\Downloads\fmeda_app27\scratch\test-packages\pluggy\_hooks.py", line 512 in __call__
  File "C:\Users\adila\Downloads\fmeda_app27\scratch\test-packages\_pytest\main.py", line 384 in _main
  File "C:\Users\adila\Downloads\fmeda_app27\scratch\test-packages\_pytest\main.py", line 330 in wrap_session
  File "C:\Users\adila\Downloads\fmeda_app27\scratch\test-packages\_pytest\main.py", line 377 in pytest_cmdline_main
  File "C:\Users\adila\Downloads\fmeda_app27\scratch\test-packages\pluggy\_callers.py", line 121 in _multicall
  File "C:\Users\adila\Downloads\fmeda_app27\scratch\test-packages\pluggy\_manager.py", line 120 in _hookexec
  File "C:\Users\adila\Downloads\fmeda_app27\scratch\test-packages\pluggy\_hooks.py", line 512 in __call__
  File "C:\Users\adila\Downloads\fmeda_app27\scratch\test-packages\_pytest\config\__init__.py", line 229 in _main
  File "C:\Users\adila\Downloads\fmeda_app27\scratch\test-packages\_pytest\config\__init__.py", line 253 in _console_main
  File "C:\Users\adila\Downloads\fmeda_app27\scratch\test-packages\pytest\__main__.py", line 9 in <module>
  File "<frozen runpy>", line 88 in _run_code
  File "<frozen runpy>", line 198 in _run_module_as_main
Windows fatal exception: code 0x80040155

Current thread 0x00006668 (most recent call first):
  File "C:\Users\adila\Downloads\fmeda_app27\fmeda_tool\services\export_service.py", line 824 in export_to_pdf
  File "C:\Users\adila\Downloads\fmeda_app27\tests\test_increment6.py", line 143 in test_pdf_export_service
  File "C:\Users\adila\.cache\codex-runtimes\codex-primary-runtime\dependencies\python\Lib\unittest\case.py", line 589 in _callTestMethod
  File "C:\Users\adila\.cache\codex-runtimes\codex-primary-runtime\dependencies\python\Lib\unittest\case.py", line 634 in run
  File "C:\Users\adila\.cache\codex-runtimes\codex-primary-runtime\dependencies\python\Lib\unittest\case.py", line 690 in __call__
  File "C:\Users\adila\Downloads\fmeda_app27\scratch\test-packages\_pytest\unittest.py", line 410 in runtest
  File "C:\Users\adila\Downloads\fmeda_app27\scratch\test-packages\_pytest\runner.py", line 184 in pytest_runtest_call
  File "C:\Users\adila\Downloads\fmeda_app27\scratch\test-packages\pluggy\_callers.py", line 121 in _multicall
  File "C:\Users\adila\Downloads\fmeda_app27\scratch\test-packages\pluggy\_manager.py", line 120 in _hookexec
  File "C:\Users\adila\Downloads\fmeda_app27\scratch\test-packages\pluggy\_hooks.py", line 512 in __call__
  File "C:\Users\adila\Downloads\fmeda_app27\scratch\test-packages\_pytest\runner.py", line 250 in <lambda>
  File "C:\Users\adila\Downloads\fmeda_app27\scratch\test-packages\_pytest\runner.py", line 361 in from_call
  File "C:\Users\adila\Downloads\fmeda_app27\scratch\test-packages\_pytest\runner.py", line 249 in call_and_report
  File "C:\Users\adila\Downloads\fmeda_app27\scratch\test-packages\_pytest\runner.py", line 139 in runtestprotocol
  File "C:\Users\adila\Downloads\fmeda_app27\scratch\test-packages\_pytest\runner.py", line 118 in pytest_runtest_protocol
  File "C:\Users\adila\Downloads\fmeda_app27\scratch\test-packages\pluggy\_callers.py", line 121 in _multicall
  File "C:\Users\adila\Downloads\fmeda_app27\scratch\test-packages\pluggy\_manager.py", line 120 in _hookexec
  File "C:\Users\adila\Downloads\fmeda_app27\scratch\test-packages\pluggy\_hooks.py", line 512 in __call__
  File "C:\Users\adila\Downloads\fmeda_app27\scratch\test-packages\_pytest\main.py", line 408 in pytest_runtestloop
  File "C:\Users\adila\Downloads\fmeda_app27\scratch\test-packages\pluggy\_callers.py", line 121 in _multicall
  File "C:\Users\adila\Downloads\fmeda_app27\scratch\test-packages\pluggy\_manager.py", line 120 in _hookexec
  File "C:\Users\adila\Downloads\fmeda_app27\scratch\test-packages\pluggy\_hooks.py", line 512 in __call__
  File "C:\Users\adila\Downloads\fmeda_app27\scratch\test-packages\_pytest\main.py", line 384 in _main
  File "C:\Users\adila\Downloads\fmeda_app27\scratch\test-packages\_pytest\main.py", line 330 in wrap_session
  File "C:\Users\adila\Downloads\fmeda_app27\scratch\test-packages\_pytest\main.py", line 377 in pytest_cmdline_main
  File "C:\Users\adila\Downloads\fmeda_app27\scratch\test-packages\pluggy\_callers.py", line 121 in _multicall
  File "C:\Users\adila\Downloads\fmeda_app27\scratch\test-packages\pluggy\_manager.py", line 120 in _hookexec
  File "C:\Users\adila\Downloads\fmeda_app27\scratch\test-packages\pluggy\_hooks.py", line 512 in __call__
  File "C:\Users\adila\Downloads\fmeda_app27\scratch\test-packages\_pytest\config\__init__.py", line 229 in _main
  File "C:\Users\adila\Downloads\fmeda_app27\scratch\test-packages\_pytest\config\__init__.py", line 253 in _console_main
  File "C:\Users\adila\Downloads\fmeda_app27\scratch\test-packages\pytest\__main__.py", line 9 in <module>
  File "<frozen runpy>", line 88 in _run_code
  File "<frozen runpy>", line 198 in _run_module_as_main
Windows fatal exception: code 0x80040155

Thread 0x00006668 (most recent call first):
  File "C:\Users\adila\Downloads\fmeda_app27\fmeda_tool\services\export_service.py", line 824 in export_to_pdf
  File "C:\Users\adila\Downloads\fmeda_app27\tests\test_increment6.py", line 143 in test_pdf_export_service
  File "C:\Users\adila\.cache\codex-runtimes\codex-primary-runtime\dependencies\python\Lib\unittest\case.py", line 589 in _callTestMethod
  File "C:\Users\adila\.cache\codex-runtimes\codex-primary-runtime\dependencies\python\Lib\unittest\case.py", line 634 in run
  File "C:\Users\adila\.cache\codex-runtimes\codex-primary-runtime\dependencies\python\Lib\unittest\case.py", line 690 in __call__
  File "C:\Users\adila\Downloads\fmeda_app27\scratch\test-packages\_pytest\unittest.py", line 410 in runtest
  File "C:\Users\adila\Downloads\fmeda_app27\scratch\test-packages\_pytest\runner.py", line 184 in pytest_runtest_call
  File "C:\Users\adila\Downloads\fmeda_app27\scratch\test-packages\pluggy\_callers.py", line 121 in _multicall
  File "C:\Users\adila\Downloads\fmeda_app27\scratch\test-packages\pluggy\_manager.py", line 120 in _hookexec
  File "C:\Users\adila\Downloads\fmeda_app27\scratch\test-packages\pluggy\_hooks.py", line 512 in __call__
  File "C:\Users\adila\Downloads\fmeda_app27\scratch\test-packages\_pytest\runner.py", line 250 in <lambda>
  File "C:\Users\adila\Downloads\fmeda_app27\scratch\test-packages\_pytest\runner.py", line 361 in from_call
  File "C:\Users\adila\Downloads\fmeda_app27\scratch\test-packages\_pytest\runner.py", line 249 in call_and_report
  File "C:\Users\adila\Downloads\fmeda_app27\scratch\test-packages\_pytest\runner.py", line 139 in runtestprotocol
  File "C:\Users\adila\Downloads\fmeda_app27\scratch\test-packages\_pytest\runner.py", line 118 in pytest_runtest_protocol
  File "C:\Users\adila\Downloads\fmeda_app27\scratch\test-packages\pluggy\_callers.py", line 121 in _multicall
  File "C:\Users\adila\Downloads\fmeda_app27\scratch\test-packages\pluggy\_manager.py", line 120 in _hookexec
  File "C:\Users\adila\Downloads\fmeda_app27\scratch\test-packages\pluggy\_hooks.py", line 512 in __call__
  File "C:\Users\adila\Downloads\fmeda_app27\scratch\test-packages\_pytest\main.py", line 408 in pytest_runtestloop
  File "C:\Users\adila\Downloads\fmeda_app27\scratch\test-packages\pluggy\_callers.py", line 121 in _multicall
  File "C:\Users\adila\Downloads\fmeda_app27\scratch\test-packages\pluggy\_manager.py", line 120 in _hookexec
  File "C:\Users\adila\Downloads\fmeda_app27\scratch\test-packages\pluggy\_hooks.py", line 512 in __call__
  File "C:\Users\adila\Downloads\fmeda_app27\scratch\test-packages\_pytest\main.py", line 384 in _main
  File "C:\Users\adila\Downloads\fmeda_app27\scratch\test-packages\_pytest\main.py", line 330 in wrap_session
  File "C:\Users\adila\Downloads\fmeda_app27\scratch\test-packages\_pytest\main.py", line 377 in pytest_cmdline_main
  File "C:\Users\adila\Downloads\fmeda_app27\scratch\test-packages\pluggy\_callers.py", line 121 in _multicall
  File "C:\Users\adila\Downloads\fmeda_app27\scratch\test-packages\pluggy\_manager.py", line 120 in _hookexec
  File "C:\Users\adila\Downloads\fmeda_app27\scratch\test-packages\pluggy\_hooks.py", line 512 in __call__
  File "C:\Users\adila\Downloads\fmeda_app27\scratch\test-packages\_pytest\config\__init__.py", line 229 in _main
  File "C:\Users\adila\Downloads\fmeda_app27\scratch\test-packages\_pytest\config\__init__.py", line 253 in _console_main
  File "C:\Users\adila\Downloads\fmeda_app27\scratch\test-packages\pytest\__main__.py", line 9 in <module>
  File "<frozen runpy>", line 88 in _run_code
  File "<frozen runpy>", line 198 in _run_module_as_main
Windows fatal exception: code 0x80040155

Current thread 0x00006668 (most recent call first):
  File "C:\Users\adila\Downloads\fmeda_app27\fmeda_tool\services\export_service.py", line 824 in export_to_pdf
  File "C:\Users\adila\Downloads\fmeda_app27\tests\test_increment6.py", line 143 in test_pdf_export_service
  File "C:\Users\adila\.cache\codex-runtimes\codex-primary-runtime\dependencies\python\Lib\unittest\case.py", line 589 in _callTestMethod
  File "C:\Users\adila\.cache\codex-runtimes\codex-primary-runtime\dependencies\python\Lib\unittest\case.py", line 634 in run
  File "C:\Users\adila\.cache\codex-runtimes\codex-primary-runtime\dependencies\python\Lib\unittest\case.py", line 690 in __call__
  File "C:\Users\adila\Downloads\fmeda_app27\scratch\test-packages\_pytest\unittest.py", line 410 in runtest
  File "C:\Users\adila\Downloads\fmeda_app27\scratch\test-packages\_pytest\runner.py", line 184 in pytest_runtest_call
  File "C:\Users\adila\Downloads\fmeda_app27\scratch\test-packages\pluggy\_callers.py", line 121 in _multicall
  File "C:\Users\adila\Downloads\fmeda_app27\scratch\test-packages\pluggy\_manager.py", line 120 in _hookexec
  File "C:\Users\adila\Downloads\fmeda_app27\scratch\test-packages\pluggy\_hooks.py", line 512 in __call__
  File "C:\Users\adila\Downloads\fmeda_app27\scratch\test-packages\_pytest\runner.py", line 250 in <lambda>
  File "C:\Users\adila\Downloads\fmeda_app27\scratch\test-packages\_pytest\runner.py", line 361 in from_call
  File "C:\Users\adila\Downloads\fmeda_app27\scratch\test-packages\_pytest\runner.py", line 249 in call_and_report
  File "C:\Users\adila\Downloads\fmeda_app27\scratch\test-packages\_pytest\runner.py", line 139 in runtestprotocol
  File "C:\Users\adila\Downloads\fmeda_app27\scratch\test-packages\_pytest\runner.py", line 118 in pytest_runtest_protocol
  File "C:\Users\adila\Downloads\fmeda_app27\scratch\test-packages\pluggy\_callers.py", line 121 in _multicall
  File "C:\Users\adila\Downloads\fmeda_app27\scratch\test-packages\pluggy\_manager.py", line 120 in _hookexec
  File "C:\Users\adila\Downloads\fmeda_app27\scratch\test-packages\pluggy\_hooks.py", line 512 in __call__
  File "C:\Users\adila\Downloads\fmeda_app27\scratch\test-packages\_pytest\main.py", line 408 in pytest_runtestloop
  File "C:\Users\adila\Downloads\fmeda_app27\scratch\test-packages\pluggy\_callers.py", line 121 in _multicall
  File "C:\Users\adila\Downloads\fmeda_app27\scratch\test-packages\pluggy\_manager.py", line 120 in _hookexec
  File "C:\Users\adila\Downloads\fmeda_app27\scratch\test-packages\pluggy\_hooks.py", line 512 in __call__
  File "C:\Users\adila\Downloads\fmeda_app27\scratch\test-packages\_pytest\main.py", line 384 in _main
  File "C:\Users\adila\Downloads\fmeda_app27\scratch\test-packages\_pytest\main.py", line 330 in wrap_session
  File "C:\Users\adila\Downloads\fmeda_app27\scratch\test-packages\_pytest\main.py", line 377 in pytest_cmdline_main
  File "C:\Users\adila\Downloads\fmeda_app27\scratch\test-packages\pluggy\_callers.py", line 121 in _multicall
  File "C:\Users\adila\Downloads\fmeda_app27\scratch\test-packages\pluggy\_manager.py", line 120 in _hookexec
  File "C:\Users\adila\Downloads\fmeda_app27\scratch\test-packages\pluggy\_hooks.py", line 512 in __call__
  File "C:\Users\adila\Downloads\fmeda_app27\scratch\test-packages\_pytest\config\__init__.py", line 229 in _main
  File "C:\Users\adila\Downloads\fmeda_app27\scratch\test-packages\_pytest\config\__init__.py", line 253 in _console_main
  File "C:\Users\adila\Downloads\fmeda_app27\scratch\test-packages\pytest\__main__.py", line 9 in <module>
  File "<frozen runpy>", line 88 in _run_code
  File "<frozen runpy>", line 198 in _run_module_as_main
Windows fatal exception: code 0x80040155

Thread 0x00006668 (most recent call first):
  File "C:\Users\adila\Downloads\fmeda_app27\fmeda_tool\services\export_service.py", line 824 in export_to_pdf
  File "C:\Users\adila\Downloads\fmeda_app27\tests\test_increment6.py", line 143 in test_pdf_export_service
  File "C:\Users\adila\.cache\codex-runtimes\codex-primary-runtime\dependencies\python\Lib\unittest\case.py", line 589 in _callTestMethod
  File "C:\Users\adila\.cache\codex-runtimes\codex-primary-runtime\dependencies\python\Lib\unittest\case.py", line 634 in run
  File "C:\Users\adila\.cache\codex-runtimes\codex-primary-runtime\dependencies\python\Lib\unittest\case.py", line 690 in __call__
  File "C:\Users\adila\Downloads\fmeda_app27\scratch\test-packages\_pytest\unittest.py", line 410 in runtest
  File "C:\Users\adila\Downloads\fmeda_app27\scratch\test-packages\_pytest\runner.py", line 184 in pytest_runtest_call
  File "C:\Users\adila\Downloads\fmeda_app27\scratch\test-packages\pluggy\_callers.py", line 121 in _multicall
  File "C:\Users\adila\Downloads\fmeda_app27\scratch\test-packages\pluggy\_manager.py", line 120 in _hookexec
  File "C:\Users\adila\Downloads\fmeda_app27\scratch\test-packages\pluggy\_hooks.py", line 512 in __call__
  File "C:\Users\adila\Downloads\fmeda_app27\scratch\test-packages\_pytest\runner.py", line 250 in <lambda>
  File "C:\Users\adila\Downloads\fmeda_app27\scratch\test-packages\_pytest\runner.py", line 361 in from_call
  File "C:\Users\adila\Downloads\fmeda_app27\scratch\test-packages\_pytest\runner.py", line 249 in call_and_report
  File "C:\Users\adila\Downloads\fmeda_app27\scratch\test-packages\_pytest\runner.py", line 139 in runtestprotocol
  File "C:\Users\adila\Downloads\fmeda_app27\scratch\test-packages\_pytest\runner.py", line 118 in pytest_runtest_protocol
  File "C:\Users\adila\Downloads\fmeda_app27\scratch\test-packages\pluggy\_callers.py", line 121 in _multicall
  File "C:\Users\adila\Downloads\fmeda_app27\scratch\test-packages\pluggy\_manager.py", line 120 in _hookexec
  File "C:\Users\adila\Downloads\fmeda_app27\scratch\test-packages\pluggy\_hooks.py", line 512 in __call__
  File "C:\Users\adila\Downloads\fmeda_app27\scratch\test-packages\_pytest\main.py", line 408 in pytest_runtestloop
  File "C:\Users\adila\Downloads\fmeda_app27\scratch\test-packages\pluggy\_callers.py", line 121 in _multicall
  File "C:\Users\adila\Downloads\fmeda_app27\scratch\test-packages\pluggy\_manager.py", line 120 in _hookexec
  File "C:\Users\adila\Downloads\fmeda_app27\scratch\test-packages\pluggy\_hooks.py", line 512 in __call__
  File "C:\Users\adila\Downloads\fmeda_app27\scratch\test-packages\_pytest\main.py", line 384 in _main
  File "C:\Users\adila\Downloads\fmeda_app27\scratch\test-packages\_pytest\main.py", line 330 in wrap_session
  File "C:\Users\adila\Downloads\fmeda_app27\scratch\test-packages\_pytest\main.py", line 377 in pytest_cmdline_main
  File "C:\Users\adila\Downloads\fmeda_app27\scratch\test-packages\pluggy\_callers.py", line 121 in _multicall
  File "C:\Users\adila\Downloads\fmeda_app27\scratch\test-packages\pluggy\_manager.py", line 120 in _hookexec
  File "C:\Users\adila\Downloads\fmeda_app27\scratch\test-packages\pluggy\_hooks.py", line 512 in __call__
  File "C:\Users\adila\Downloads\fmeda_app27\scratch\test-packages\_pytest\config\__init__.py", line 229 in _main
  File "C:\Users\adila\Downloads\fmeda_app27\scratch\test-packages\_pytest\config\__init__.py", line 253 in _console_main
  File "C:\Users\adila\Downloads\fmeda_app27\scratch\test-packages\pytest\__main__.py", line 9 in <module>
  File "<frozen runpy>", line 88 in _run_code
  File "<frozen runpy>", line 198 in _run_module_as_main
Windows fatal exception: code 0x80040155

Current thread 0x00006668 (most recent call first):
  File "C:\Users\adila\Downloads\fmeda_app27\fmeda_tool\services\export_service.py", line 824 in export_to_pdf
  File "C:\Users\adila\Downloads\fmeda_app27\tests\test_increment6.py", line 143 in test_pdf_export_service
  File "C:\Users\adila\.cache\codex-runtimes\codex-primary-runtime\dependencies\python\Lib\unittest\case.py", line 589 in _callTestMethod
  File "C:\Users\adila\.cache\codex-runtimes\codex-primary-runtime\dependencies\python\Lib\unittest\case.py", line 634 in run
  File "C:\Users\adila\.cache\codex-runtimes\codex-primary-runtime\dependencies\python\Lib\unittest\case.py", line 690 in __call__
  File "C:\Users\adila\Downloads\fmeda_app27\scratch\test-packages\_pytest\unittest.py", line 410 in runtest
  File "C:\Users\adila\Downloads\fmeda_app27\scratch\test-packages\_pytest\runner.py", line 184 in pytest_runtest_call
  File "C:\Users\adila\Downloads\fmeda_app27\scratch\test-packages\pluggy\_callers.py", line 121 in _multicall
  File "C:\Users\adila\Downloads\fmeda_app27\scratch\test-packages\pluggy\_manager.py", line 120 in _hookexec
  File "C:\Users\adila\Downloads\fmeda_app27\scratch\test-packages\pluggy\_hooks.py", line 512 in __call__
  File "C:\Users\adila\Downloads\fmeda_app27\scratch\test-packages\_pytest\runner.py", line 250 in <lambda>
  File "C:\Users\adila\Downloads\fmeda_app27\scratch\test-packages\_pytest\runner.py", line 361 in from_call
  File "C:\Users\adila\Downloads\fmeda_app27\scratch\test-packages\_pytest\runner.py", line 249 in call_and_report
  File "C:\Users\adila\Downloads\fmeda_app27\scratch\test-packages\_pytest\runner.py", line 139 in runtestprotocol
  File "C:\Users\adila\Downloads\fmeda_app27\scratch\test-packages\_pytest\runner.py", line 118 in pytest_runtest_protocol
  File "C:\Users\adila\Downloads\fmeda_app27\scratch\test-packages\pluggy\_callers.py", line 121 in _multicall
  File "C:\Users\adila\Downloads\fmeda_app27\scratch\test-packages\pluggy\_manager.py", line 120 in _hookexec
  File "C:\Users\adila\Downloads\fmeda_app27\scratch\test-packages\pluggy\_hooks.py", line 512 in __call__
  File "C:\Users\adila\Downloads\fmeda_app27\scratch\test-packages\_pytest\main.py", line 408 in pytest_runtestloop
  File "C:\Users\adila\Downloads\fmeda_app27\scratch\test-packages\pluggy\_callers.py", line 121 in _multicall
  File "C:\Users\adila\Downloads\fmeda_app27\scratch\test-packages\pluggy\_manager.py", line 120 in _hookexec
  File "C:\Users\adila\Downloads\fmeda_app27\scratch\test-packages\pluggy\_hooks.py", line 512 in __call__
  File "C:\Users\adila\Downloads\fmeda_app27\scratch\test-packages\_pytest\main.py", line 384 in _main
  File "C:\Users\adila\Downloads\fmeda_app27\scratch\test-packages\_pytest\main.py", line 330 in wrap_session
  File "C:\Users\adila\Downloads\fmeda_app27\scratch\test-packages\_pytest\main.py", line 377 in pytest_cmdline_main
  File "C:\Users\adila\Downloads\fmeda_app27\scratch\test-packages\pluggy\_callers.py", line 121 in _multicall
  File "C:\Users\adila\Downloads\fmeda_app27\scratch\test-packages\pluggy\_manager.py", line 120 in _hookexec
  File "C:\Users\adila\Downloads\fmeda_app27\scratch\test-packages\pluggy\_hooks.py", line 512 in __call__
  File "C:\Users\adila\Downloads\fmeda_app27\scratch\test-packages\_pytest\config\__init__.py", line 229 in _main
  File "C:\Users\adila\Downloads\fmeda_app27\scratch\test-packages\_pytest\config\__init__.py", line 253 in _console_main
  File "C:\Users\adila\Downloads\fmeda_app27\scratch\test-packages\pytest\__main__.py", line 9 in <module>
  File "<frozen runpy>", line 88 in _run_code
  File "<frozen runpy>", line 198 in _run_module_as_main
Windows fatal exception: code 0x80040155

Thread 0x00006668 (most recent call first):
  File "C:\Users\adila\Downloads\fmeda_app27\fmeda_tool\services\export_service.py", line 824 in export_to_pdf
  File "C:\Users\adila\Downloads\fmeda_app27\tests\test_increment6.py", line 143 in test_pdf_export_service
  File "C:\Users\adila\.cache\codex-runtimes\codex-primary-runtime\dependencies\python\Lib\unittest\case.py", line 589 in _callTestMethod
  File "C:\Users\adila\.cache\codex-runtimes\codex-primary-runtime\dependencies\python\Lib\unittest\case.py", line 634 in run
  File "C:\Users\adila\.cache\codex-runtimes\codex-primary-runtime\dependencies\python\Lib\unittest\case.py", line 690 in __call__
  File "C:\Users\adila\Downloads\fmeda_app27\scratch\test-packages\_pytest\unittest.py", line 410 in runtest
  File "C:\Users\adila\Downloads\fmeda_app27\scratch\test-packages\_pytest\runner.py", line 184 in pytest_runtest_call
  File "C:\Users\adila\Downloads\fmeda_app27\scratch\test-packages\pluggy\_callers.py", line 121 in _multicall
  File "C:\Users\adila\Downloads\fmeda_app27\scratch\test-packages\pluggy\_manager.py", line 120 in _hookexec
  File "C:\Users\adila\Downloads\fmeda_app27\scratch\test-packages\pluggy\_hooks.py", line 512 in __call__
  File "C:\Users\adila\Downloads\fmeda_app27\scratch\test-packages\_pytest\runner.py", line 250 in <lambda>
  File "C:\Users\adila\Downloads\fmeda_app27\scratch\test-packages\_pytest\runner.py", line 361 in from_call
  File "C:\Users\adila\Downloads\fmeda_app27\scratch\test-packages\_pytest\runner.py", line 249 in call_and_report
  File "C:\Users\adila\Downloads\fmeda_app27\scratch\test-packages\_pytest\runner.py", line 139 in runtestprotocol
  File "C:\Users\adila\Downloads\fmeda_app27\scratch\test-packages\_pytest\runner.py", line 118 in pytest_runtest_protocol
  File "C:\Users\adila\Downloads\fmeda_app27\scratch\test-packages\pluggy\_callers.py", line 121 in _multicall
  File "C:\Users\adila\Downloads\fmeda_app27\scratch\test-packages\pluggy\_manager.py", line 120 in _hookexec
  File "C:\Users\adila\Downloads\fmeda_app27\scratch\test-packages\pluggy\_hooks.py", line 512 in __call__
  File "C:\Users\adila\Downloads\fmeda_app27\scratch\test-packages\_pytest\main.py", line 408 in pytest_runtestloop
  File "C:\Users\adila\Downloads\fmeda_app27\scratch\test-packages\pluggy\_callers.py", line 121 in _multicall
  File "C:\Users\adila\Downloads\fmeda_app27\scratch\test-packages\pluggy\_manager.py", line 120 in _hookexec
  File "C:\Users\adila\Downloads\fmeda_app27\scratch\test-packages\pluggy\_hooks.py", line 512 in __call__
  File "C:\Users\adila\Downloads\fmeda_app27\scratch\test-packages\_pytest\main.py", line 384 in _main
  File "C:\Users\adila\Downloads\fmeda_app27\scratch\test-packages\_pytest\main.py", line 330 in wrap_session
  File "C:\Users\adila\Downloads\fmeda_app27\scratch\test-packages\_pytest\main.py", line 377 in pytest_cmdline_main
  File "C:\Users\adila\Downloads\fmeda_app27\scratch\test-packages\pluggy\_callers.py", line 121 in _multicall
  File "C:\Users\adila\Downloads\fmeda_app27\scratch\test-packages\pluggy\_manager.py", line 120 in _hookexec
  File "C:\Users\adila\Downloads\fmeda_app27\scratch\test-packages\pluggy\_hooks.py", line 512 in __call__
  File "C:\Users\adila\Downloads\fmeda_app27\scratch\test-packages\_pytest\config\__init__.py", line 229 in _main
  File "C:\Users\adila\Downloads\fmeda_app27\scratch\test-packages\_pytest\config\__init__.py", line 253 in _console_main
  File "C:\Users\adila\Downloads\fmeda_app27\scratch\test-packages\pytest\__main__.py", line 9 in <module>
  File "<frozen runpy>", line 88 in _run_code
  File "<frozen runpy>", line 198 in _run_module_as_main
Windows fatal exception: code 0x80040155

Current thread 0x00006668 (most recent call first):
  File "C:\Users\adila\Downloads\fmeda_app27\fmeda_tool\services\export_service.py", line 824 in export_to_pdf
  File "C:\Users\adila\Downloads\fmeda_app27\tests\test_increment6.py", line 143 in test_pdf_export_service
  File "C:\Users\adila\.cache\codex-runtimes\codex-primary-runtime\dependencies\python\Lib\unittest\case.py", line 589 in _callTestMethod
  File "C:\Users\adila\.cache\codex-runtimes\codex-primary-runtime\dependencies\python\Lib\unittest\case.py", line 634 in run
  File "C:\Users\adila\.cache\codex-runtimes\codex-primary-runtime\dependencies\python\Lib\unittest\case.py", line 690 in __call__
  File "C:\Users\adila\Downloads\fmeda_app27\scratch\test-packages\_pytest\unittest.py", line 410 in runtest
  File "C:\Users\adila\Downloads\fmeda_app27\scratch\test-packages\_pytest\runner.py", line 184 in pytest_runtest_call
  File "C:\Users\adila\Downloads\fmeda_app27\scratch\test-packages\pluggy\_callers.py", line 121 in _multicall
  File "C:\Users\adila\Downloads\fmeda_app27\scratch\test-packages\pluggy\_manager.py", line 120 in _hookexec
  File "C:\Users\adila\Downloads\fmeda_app27\scratch\test-packages\pluggy\_hooks.py", line 512 in __call__
  File "C:\Users\adila\Downloads\fmeda_app27\scratch\test-packages\_pytest\runner.py", line 250 in <lambda>
  File "C:\Users\adila\Downloads\fmeda_app27\scratch\test-packages\_pytest\runner.py", line 361 in from_call
  File "C:\Users\adila\Downloads\fmeda_app27\scratch\test-packages\_pytest\runner.py", line 249 in call_and_report
  File "C:\Users\adila\Downloads\fmeda_app27\scratch\test-packages\_pytest\runner.py", line 139 in runtestprotocol
  File "C:\Users\adila\Downloads\fmeda_app27\scratch\test-packages\_pytest\runner.py", line 118 in pytest_runtest_protocol
  File "C:\Users\adila\Downloads\fmeda_app27\scratch\test-packages\pluggy\_callers.py", line 121 in _multicall
  File "C:\Users\adila\Downloads\fmeda_app27\scratch\test-packages\pluggy\_manager.py", line 120 in _hookexec
  File "C:\Users\adila\Downloads\fmeda_app27\scratch\test-packages\pluggy\_hooks.py", line 512 in __call__
  File "C:\Users\adila\Downloads\fmeda_app27\scratch\test-packages\_pytest\main.py", line 408 in pytest_runtestloop
  File "C:\Users\adila\Downloads\fmeda_app27\scratch\test-packages\pluggy\_callers.py", line 121 in _multicall
  File "C:\Users\adila\Downloads\fmeda_app27\scratch\test-packages\pluggy\_manager.py", line 120 in _hookexec
  File "C:\Users\adila\Downloads\fmeda_app27\scratch\test-packages\pluggy\_hooks.py", line 512 in __call__
  File "C:\Users\adila\Downloads\fmeda_app27\scratch\test-packages\_pytest\main.py", line 384 in _main
  File "C:\Users\adila\Downloads\fmeda_app27\scratch\test-packages\_pytest\main.py", line 330 in wrap_session
  File "C:\Users\adila\Downloads\fmeda_app27\scratch\test-packages\_pytest\main.py", line 377 in pytest_cmdline_main
  File "C:\Users\adila\Downloads\fmeda_app27\scratch\test-packages\pluggy\_callers.py", line 121 in _multicall
  File "C:\Users\adila\Downloads\fmeda_app27\scratch\test-packages\pluggy\_manager.py", line 120 in _hookexec
  File "C:\Users\adila\Downloads\fmeda_app27\scratch\test-packages\pluggy\_hooks.py", line 512 in __call__
  File "C:\Users\adila\Downloads\fmeda_app27\scratch\test-packages\_pytest\config\__init__.py", line 229 in _main
  File "C:\Users\adila\Downloads\fmeda_app27\scratch\test-packages\_pytest\config\__init__.py", line 253 in _console_main
  File "C:\Users\adila\Downloads\fmeda_app27\scratch\test-packages\pytest\__main__.py", line 9 in <module>
  File "<frozen runpy>", line 88 in _run_code
  File "<frozen runpy>", line 198 in _run_module_as_main
Windows fatal exception: code 0x80040155

Thread 0x00006668 (most recent call first):
  File "C:\Users\adila\Downloads\fmeda_app27\fmeda_tool\services\export_service.py", line 824 in export_to_pdf
  File "C:\Users\adila\Downloads\fmeda_app27\tests\test_increment6.py", line 143 in test_pdf_export_service
  File "C:\Users\adila\.cache\codex-runtimes\codex-primary-runtime\dependencies\python\Lib\unittest\case.py", line 589 in _callTestMethod
  File "C:\Users\adila\.cache\codex-runtimes\codex-primary-runtime\dependencies\python\Lib\unittest\case.py", line 634 in run
  File "C:\Users\adila\.cache\codex-runtimes\codex-primary-runtime\dependencies\python\Lib\unittest\case.py", line 690 in __call__
  File "C:\Users\adila\Downloads\fmeda_app27\scratch\test-packages\_pytest\unittest.py", line 410 in runtest
  File "C:\Users\adila\Downloads\fmeda_app27\scratch\test-packages\_pytest\runner.py", line 184 in pytest_runtest_call
  File "C:\Users\adila\Downloads\fmeda_app27\scratch\test-packages\pluggy\_callers.py", line 121 in _multicall
  File "C:\Users\adila\Downloads\fmeda_app27\scratch\test-packages\pluggy\_manager.py", line 120 in _hookexec
  File "C:\Users\adila\Downloads\fmeda_app27\scratch\test-packages\pluggy\_hooks.py", line 512 in __call__
  File "C:\Users\adila\Downloads\fmeda_app27\scratch\test-packages\_pytest\runner.py", line 250 in <lambda>
  File "C:\Users\adila\Downloads\fmeda_app27\scratch\test-packages\_pytest\runner.py", line 361 in from_call
  File "C:\Users\adila\Downloads\fmeda_app27\scratch\test-packages\_pytest\runner.py", line 249 in call_and_report
  File "C:\Users\adila\Downloads\fmeda_app27\scratch\test-packages\_pytest\runner.py", line 139 in runtestprotocol
  File "C:\Users\adila\Downloads\fmeda_app27\scratch\test-packages\_pytest\runner.py", line 118 in pytest_runtest_protocol
  File "C:\Users\adila\Downloads\fmeda_app27\scratch\test-packages\pluggy\_callers.py", line 121 in _multicall
  File "C:\Users\adila\Downloads\fmeda_app27\scratch\test-packages\pluggy\_manager.py", line 120 in _hookexec
  File "C:\Users\adila\Downloads\fmeda_app27\scratch\test-packages\pluggy\_hooks.py", line 512 in __call__
  File "C:\Users\adila\Downloads\fmeda_app27\scratch\test-packages\_pytest\main.py", line 408 in pytest_runtestloop
  File "C:\Users\adila\Downloads\fmeda_app27\scratch\test-packages\pluggy\_callers.py", line 121 in _multicall
  File "C:\Users\adila\Downloads\fmeda_app27\scratch\test-packages\pluggy\_manager.py", line 120 in _hookexec
  File "C:\Users\adila\Downloads\fmeda_app27\scratch\test-packages\pluggy\_hooks.py", line 512 in __call__
  File "C:\Users\adila\Downloads\fmeda_app27\scratch\test-packages\_pytest\main.py", line 384 in _main
  File "C:\Users\adila\Downloads\fmeda_app27\scratch\test-packages\_pytest\main.py", line 330 in wrap_session
  File "C:\Users\adila\Downloads\fmeda_app27\scratch\test-packages\_pytest\main.py", line 377 in pytest_cmdline_main
  File "C:\Users\adila\Downloads\fmeda_app27\scratch\test-packages\pluggy\_callers.py", line 121 in _multicall
  File "C:\Users\adila\Downloads\fmeda_app27\scratch\test-packages\pluggy\_manager.py", line 120 in _hookexec
  File "C:\Users\adila\Downloads\fmeda_app27\scratch\test-packages\pluggy\_hooks.py", line 512 in __call__
  File "C:\Users\adila\Downloads\fmeda_app27\scratch\test-packages\_pytest\config\__init__.py", line 229 in _main
  File "C:\Users\adila\Downloads\fmeda_app27\scratch\test-packages\_pytest\config\__init__.py", line 253 in _console_main
  File "C:\Users\adila\Downloads\fmeda_app27\scratch\test-packages\pytest\__main__.py", line 9 in <module>
  File "<frozen runpy>", line 88 in _run_code
  File "<frozen runpy>", line 198 in _run_module_as_main
Windows fatal exception: code 0x80040155

Current thread 0x00006668 (most recent call first):
  File "C:\Users\adila\Downloads\fmeda_app27\fmeda_tool\services\export_service.py", line 824 in export_to_pdf
  File "C:\Users\adila\Downloads\fmeda_app27\tests\test_increment6.py", line 143 in test_pdf_export_service
  File "C:\Users\adila\.cache\codex-runtimes\codex-primary-runtime\dependencies\python\Lib\unittest\case.py", line 589 in _callTestMethod
  File "C:\Users\adila\.cache\codex-runtimes\codex-primary-runtime\dependencies\python\Lib\unittest\case.py", line 634 in run
  File "C:\Users\adila\.cache\codex-runtimes\codex-primary-runtime\dependencies\python\Lib\unittest\case.py", line 690 in __call__
  File "C:\Users\adila\Downloads\fmeda_app27\scratch\test-packages\_pytest\unittest.py", line 410 in runtest
  File "C:\Users\adila\Downloads\fmeda_app27\scratch\test-packages\_pytest\runner.py", line 184 in pytest_runtest_call
  File "C:\Users\adila\Downloads\fmeda_app27\scratch\test-packages\pluggy\_callers.py", line 121 in _multicall
  File "C:\Users\adila\Downloads\fmeda_app27\scratch\test-packages\pluggy\_manager.py", line 120 in _hookexec
  File "C:\Users\adila\Downloads\fmeda_app27\scratch\test-packages\pluggy\_hooks.py", line 512 in __call__
  File "C:\Users\adila\Downloads\fmeda_app27\scratch\test-packages\_pytest\runner.py", line 250 in <lambda>
  File "C:\Users\adila\Downloads\fmeda_app27\scratch\test-packages\_pytest\runner.py", line 361 in from_call
  File "C:\Users\adila\Downloads\fmeda_app27\scratch\test-packages\_pytest\runner.py", line 249 in call_and_report
  File "C:\Users\adila\Downloads\fmeda_app27\scratch\test-packages\_pytest\runner.py", line 139 in runtestprotocol
  File "C:\Users\adila\Downloads\fmeda_app27\scratch\test-packages\_pytest\runner.py", line 118 in pytest_runtest_protocol
  File "C:\Users\adila\Downloads\fmeda_app27\scratch\test-packages\pluggy\_callers.py", line 121 in _multicall
  File "C:\Users\adila\Downloads\fmeda_app27\scratch\test-packages\pluggy\_manager.py", line 120 in _hookexec
  File "C:\Users\adila\Downloads\fmeda_app27\scratch\test-packages\pluggy\_hooks.py", line 512 in __call__
  File "C:\Users\adila\Downloads\fmeda_app27\scratch\test-packages\_pytest\main.py", line 408 in pytest_runtestloop
  File "C:\Users\adila\Downloads\fmeda_app27\scratch\test-packages\pluggy\_callers.py", line 121 in _multicall
  File "C:\Users\adila\Downloads\fmeda_app27\scratch\test-packages\pluggy\_manager.py", line 120 in _hookexec
  File "C:\Users\adila\Downloads\fmeda_app27\scratch\test-packages\pluggy\_hooks.py", line 512 in __call__
  File "C:\Users\adila\Downloads\fmeda_app27\scratch\test-packages\_pytest\main.py", line 384 in _main
  File "C:\Users\adila\Downloads\fmeda_app27\scratch\test-packages\_pytest\main.py", line 330 in wrap_session
  File "C:\Users\adila\Downloads\fmeda_app27\scratch\test-packages\_pytest\main.py", line 377 in pytest_cmdline_main
  File "C:\Users\adila\Downloads\fmeda_app27\scratch\test-packages\pluggy\_callers.py", line 121 in _multicall
  File "C:\Users\adila\Downloads\fmeda_app27\scratch\test-packages\pluggy\_manager.py", line 120 in _hookexec
  File "C:\Users\adila\Downloads\fmeda_app27\scratch\test-packages\pluggy\_hooks.py", line 512 in __call__
  File "C:\Users\adila\Downloads\fmeda_app27\scratch\test-packages\_pytest\config\__init__.py", line 229 in _main
  File "C:\Users\adila\Downloads\fmeda_app27\scratch\test-packages\_pytest\config\__init__.py", line 253 in _console_main
  File "C:\Users\adila\Downloads\fmeda_app27\scratch\test-packages\pytest\__main__.py", line 9 in <module>
  File "<frozen runpy>", line 88 in _run_code
  File "<frozen runpy>", line 198 in _run_module_as_main
Windows fatal exception: code 0x80040155

Thread 0x00006668 (most recent call first):
  File "C:\Users\adila\Downloads\fmeda_app27\fmeda_tool\services\export_service.py", line 824 in export_to_pdf
  File "C:\Users\adila\Downloads\fmeda_app27\tests\test_increment6.py", line 143 in test_pdf_export_service
  File "C:\Users\adila\.cache\codex-runtimes\codex-primary-runtime\dependencies\python\Lib\unittest\case.py", line 589 in _callTestMethod
  File "C:\Users\adila\.cache\codex-runtimes\codex-primary-runtime\dependencies\python\Lib\unittest\case.py", line 634 in run
  File "C:\Users\adila\.cache\codex-runtimes\codex-primary-runtime\dependencies\python\Lib\unittest\case.py", line 690 in __call__
  File "C:\Users\adila\Downloads\fmeda_app27\scratch\test-packages\_pytest\unittest.py", line 410 in runtest
  File "C:\Users\adila\Downloads\fmeda_app27\scratch\test-packages\_pytest\runner.py", line 184 in pytest_runtest_call
  File "C:\Users\adila\Downloads\fmeda_app27\scratch\test-packages\pluggy\_callers.py", line 121 in _multicall
  File "C:\Users\adila\Downloads\fmeda_app27\scratch\test-packages\pluggy\_manager.py", line 120 in _hookexec
  File "C:\Users\adila\Downloads\fmeda_app27\scratch\test-packages\pluggy\_hooks.py", line 512 in __call__
  File "C:\Users\adila\Downloads\fmeda_app27\scratch\test-packages\_pytest\runner.py", line 250 in <lambda>
  File "C:\Users\adila\Downloads\fmeda_app27\scratch\test-packages\_pytest\runner.py", line 361 in from_call
  File "C:\Users\adila\Downloads\fmeda_app27\scratch\test-packages\_pytest\runner.py", line 249 in call_and_report
  File "C:\Users\adila\Downloads\fmeda_app27\scratch\test-packages\_pytest\runner.py", line 139 in runtestprotocol
  File "C:\Users\adila\Downloads\fmeda_app27\scratch\test-packages\_pytest\runner.py", line 118 in pytest_runtest_protocol
  File "C:\Users\adila\Downloads\fmeda_app27\scratch\test-packages\pluggy\_callers.py", line 121 in _multicall
  File "C:\Users\adila\Downloads\fmeda_app27\scratch\test-packages\pluggy\_manager.py", line 120 in _hookexec
  File "C:\Users\adila\Downloads\fmeda_app27\scratch\test-packages\pluggy\_hooks.py", line 512 in __call__
  File "C:\Users\adila\Downloads\fmeda_app27\scratch\test-packages\_pytest\main.py", line 408 in pytest_runtestloop
  File "C:\Users\adila\Downloads\fmeda_app27\scratch\test-packages\pluggy\_callers.py", line 121 in _multicall
  File "C:\Users\adila\Downloads\fmeda_app27\scratch\test-packages\pluggy\_manager.py", line 120 in _hookexec
  File "C:\Users\adila\Downloads\fmeda_app27\scratch\test-packages\pluggy\_hooks.py", line 512 in __call__
  File "C:\Users\adila\Downloads\fmeda_app27\scratch\test-packages\_pytest\main.py", line 384 in _main
  File "C:\Users\adila\Downloads\fmeda_app27\scratch\test-packages\_pytest\main.py", line 330 in wrap_session
  File "C:\Users\adila\Downloads\fmeda_app27\scratch\test-packages\_pytest\main.py", line 377 in pytest_cmdline_main
  File "C:\Users\adila\Downloads\fmeda_app27\scratch\test-packages\pluggy\_callers.py", line 121 in _multicall
  File "C:\Users\adila\Downloads\fmeda_app27\scratch\test-packages\pluggy\_manager.py", line 120 in _hookexec
  File "C:\Users\adila\Downloads\fmeda_app27\scratch\test-packages\pluggy\_hooks.py", line 512 in __call__
  File "C:\Users\adila\Downloads\fmeda_app27\scratch\test-packages\_pytest\config\__init__.py", line 229 in _main
  File "C:\Users\adila\Downloads\fmeda_app27\scratch\test-packages\_pytest\config\__init__.py", line 253 in _console_main
  File "C:\Users\adila\Downloads\fmeda_app27\scratch\test-packages\pytest\__main__.py", line 9 in <module>
  File "<frozen runpy>", line 88 in _run_code
  File "<frozen runpy>", line 198 in _run_module_as_main
Windows fatal exception: code 0x80040155

Current thread 0x00006668 (most recent call first):
  File "C:\Users\adila\Downloads\fmeda_app27\fmeda_tool\services\export_service.py", line 824 in export_to_pdf
  File "C:\Users\adila\Downloads\fmeda_app27\tests\test_increment6.py", line 143 in test_pdf_export_service
  File "C:\Users\adila\.cache\codex-runtimes\codex-primary-runtime\dependencies\python\Lib\unittest\case.py", line 589 in _callTestMethod
  File "C:\Users\adila\.cache\codex-runtimes\codex-primary-runtime\dependencies\python\Lib\unittest\case.py", line 634 in run
  File "C:\Users\adila\.cache\codex-runtimes\codex-primary-runtime\dependencies\python\Lib\unittest\case.py", line 690 in __call__
  File "C:\Users\adila\Downloads\fmeda_app27\scratch\test-packages\_pytest\unittest.py", line 410 in runtest
  File "C:\Users\adila\Downloads\fmeda_app27\scratch\test-packages\_pytest\runner.py", line 184 in pytest_runtest_call
  File "C:\Users\adila\Downloads\fmeda_app27\scratch\test-packages\pluggy\_callers.py", line 121 in _multicall
  File "C:\Users\adila\Downloads\fmeda_app27\scratch\test-packages\pluggy\_manager.py", line 120 in _hookexec
  File "C:\Users\adila\Downloads\fmeda_app27\scratch\test-packages\pluggy\_hooks.py", line 512 in __call__
  File "C:\Users\adila\Downloads\fmeda_app27\scratch\test-packages\_pytest\runner.py", line 250 in <lambda>
  File "C:\Users\adila\Downloads\fmeda_app27\scratch\test-packages\_pytest\runner.py", line 361 in from_call
  File "C:\Users\adila\Downloads\fmeda_app27\scratch\test-packages\_pytest\runner.py", line 249 in call_and_report
  File "C:\Users\adila\Downloads\fmeda_app27\scratch\test-packages\_pytest\runner.py", line 139 in runtestprotocol
  File "C:\Users\adila\Downloads\fmeda_app27\scratch\test-packages\_pytest\runner.py", line 118 in pytest_runtest_protocol
  File "C:\Users\adila\Downloads\fmeda_app27\scratch\test-packages\pluggy\_callers.py", line 121 in _multicall
  File "C:\Users\adila\Downloads\fmeda_app27\scratch\test-packages\pluggy\_manager.py", line 120 in _hookexec
  File "C:\Users\adila\Downloads\fmeda_app27\scratch\test-packages\pluggy\_hooks.py", line 512 in __call__
  File "C:\Users\adila\Downloads\fmeda_app27\scratch\test-packages\_pytest\main.py", line 408 in pytest_runtestloop
  File "C:\Users\adila\Downloads\fmeda_app27\scratch\test-packages\pluggy\_callers.py", line 121 in _multicall
  File "C:\Users\adila\Downloads\fmeda_app27\scratch\test-packages\pluggy\_manager.py", line 120 in _hookexec
  File "C:\Users\adila\Downloads\fmeda_app27\scratch\test-packages\pluggy\_hooks.py", line 512 in __call__
  File "C:\Users\adila\Downloads\fmeda_app27\scratch\test-packages\_pytest\main.py", line 384 in _main
  File "C:\Users\adila\Downloads\fmeda_app27\scratch\test-packages\_pytest\main.py", line 330 in wrap_session
  File "C:\Users\adila\Downloads\fmeda_app27\scratch\test-packages\_pytest\main.py", line 377 in pytest_cmdline_main
  File "C:\Users\adila\Downloads\fmeda_app27\scratch\test-packages\pluggy\_callers.py", line 121 in _multicall
  File "C:\Users\adila\Downloads\fmeda_app27\scratch\test-packages\pluggy\_manager.py", line 120 in _hookexec
  File "C:\Users\adila\Downloads\fmeda_app27\scratch\test-packages\pluggy\_hooks.py", line 512 in __call__
  File "C:\Users\adila\Downloads\fmeda_app27\scratch\test-packages\_pytest\config\__init__.py", line 229 in _main
  File "C:\Users\adila\Downloads\fmeda_app27\scratch\test-packages\_pytest\config\__init__.py", line 253 in _console_main
  File "C:\Users\adila\Downloads\fmeda_app27\scratch\test-packages\pytest\__main__.py", line 9 in <module>
  File "<frozen runpy>", line 88 in _run_code
  File "<frozen runpy>", line 198 in _run_module_as_main
Windows fatal exception: code 0x80040155

Thread 0x00006668 (most recent call first):
  File "C:\Users\adila\Downloads\fmeda_app27\fmeda_tool\services\export_service.py", line 824 in export_to_pdf
  File "C:\Users\adila\Downloads\fmeda_app27\tests\test_increment6.py", line 143 in test_pdf_export_service
  File "C:\Users\adila\.cache\codex-runtimes\codex-primary-runtime\dependencies\python\Lib\unittest\case.py", line 589 in _callTestMethod
  File "C:\Users\adila\.cache\codex-runtimes\codex-primary-runtime\dependencies\python\Lib\unittest\case.py", line 634 in run
  File "C:\Users\adila\.cache\codex-runtimes\codex-primary-runtime\dependencies\python\Lib\unittest\case.py", line 690 in __call__
  File "C:\Users\adila\Downloads\fmeda_app27\scratch\test-packages\_pytest\unittest.py", line 410 in runtest
  File "C:\Users\adila\Downloads\fmeda_app27\scratch\test-packages\_pytest\runner.py", line 184 in pytest_runtest_call
  File "C:\Users\adila\Downloads\fmeda_app27\scratch\test-packages\pluggy\_callers.py", line 121 in _multicall
  File "C:\Users\adila\Downloads\fmeda_app27\scratch\test-packages\pluggy\_manager.py", line 120 in _hookexec
  File "C:\Users\adila\Downloads\fmeda_app27\scratch\test-packages\pluggy\_hooks.py", line 512 in __call__
  File "C:\Users\adila\Downloads\fmeda_app27\scratch\test-packages\_pytest\runner.py", line 250 in <lambda>
  File "C:\Users\adila\Downloads\fmeda_app27\scratch\test-packages\_pytest\runner.py", line 361 in from_call
  File "C:\Users\adila\Downloads\fmeda_app27\scratch\test-packages\_pytest\runner.py", line 249 in call_and_report
  File "C:\Users\adila\Downloads\fmeda_app27\scratch\test-packages\_pytest\runner.py", line 139 in runtestprotocol
  File "C:\Users\adila\Downloads\fmeda_app27\scratch\test-packages\_pytest\runner.py", line 118 in pytest_runtest_protocol
  File "C:\Users\adila\Downloads\fmeda_app27\scratch\test-packages\pluggy\_callers.py", line 121 in _multicall
  File "C:\Users\adila\Downloads\fmeda_app27\scratch\test-packages\pluggy\_manager.py", line 120 in _hookexec
  File "C:\Users\adila\Downloads\fmeda_app27\scratch\test-packages\pluggy\_hooks.py", line 512 in __call__
  File "C:\Users\adila\Downloads\fmeda_app27\scratch\test-packages\_pytest\main.py", line 408 in pytest_runtestloop
  File "C:\Users\adila\Downloads\fmeda_app27\scratch\test-packages\pluggy\_callers.py", line 121 in _multicall
  File "C:\Users\adila\Downloads\fmeda_app27\scratch\test-packages\pluggy\_manager.py", line 120 in _hookexec
  File "C:\Users\adila\Downloads\fmeda_app27\scratch\test-packages\pluggy\_hooks.py", line 512 in __call__
  File "C:\Users\adila\Downloads\fmeda_app27\scratch\test-packages\_pytest\main.py", line 384 in _main
  File "C:\Users\adila\Downloads\fmeda_app27\scratch\test-packages\_pytest\main.py", line 330 in wrap_session
  File "C:\Users\adila\Downloads\fmeda_app27\scratch\test-packages\_pytest\main.py", line 377 in pytest_cmdline_main
  File "C:\Users\adila\Downloads\fmeda_app27\scratch\test-packages\pluggy\_callers.py", line 121 in _multicall
  File "C:\Users\adila\Downloads\fmeda_app27\scratch\test-packages\pluggy\_manager.py", line 120 in _hookexec
  File "C:\Users\adila\Downloads\fmeda_app27\scratch\test-packages\pluggy\_hooks.py", line 512 in __call__
  File "C:\Users\adila\Downloads\fmeda_app27\scratch\test-packages\_pytest\config\__init__.py", line 229 in _main
  File "C:\Users\adila\Downloads\fmeda_app27\scratch\test-packages\_pytest\config\__init__.py", line 253 in _console_main
  File "C:\Users\adila\Downloads\fmeda_app27\scratch\test-packages\pytest\__main__.py", line 9 in <module>
  File "<frozen runpy>", line 88 in _run_code
  File "<frozen runpy>", line 198 in _run_module_as_main
Windows fatal exception: code 0x80040155

Current thread 0x00006668 (most recent call first):
  File "C:\Users\adila\Downloads\fmeda_app27\fmeda_tool\services\export_service.py", line 824 in export_to_pdf
  File "C:\Users\adila\Downloads\fmeda_app27\tests\test_increment6.py", line 143 in test_pdf_export_service
  File "C:\Users\adila\.cache\codex-runtimes\codex-primary-runtime\dependencies\python\Lib\unittest\case.py", line 589 in _callTestMethod
  File "C:\Users\adila\.cache\codex-runtimes\codex-primary-runtime\dependencies\python\Lib\unittest\case.py", line 634 in run
  File "C:\Users\adila\.cache\codex-runtimes\codex-primary-runtime\dependencies\python\Lib\unittest\case.py", line 690 in __call__
  File "C:\Users\adila\Downloads\fmeda_app27\scratch\test-packages\_pytest\unittest.py", line 410 in runtest
  File "C:\Users\adila\Downloads\fmeda_app27\scratch\test-packages\_pytest\runner.py", line 184 in pytest_runtest_call
  File "C:\Users\adila\Downloads\fmeda_app27\scratch\test-packages\pluggy\_callers.py", line 121 in _multicall
  File "C:\Users\adila\Downloads\fmeda_app27\scratch\test-packages\pluggy\_manager.py", line 120 in _hookexec
  File "C:\Users\adila\Downloads\fmeda_app27\scratch\test-packages\pluggy\_hooks.py", line 512 in __call__
  File "C:\Users\adila\Downloads\fmeda_app27\scratch\test-packages\_pytest\runner.py", line 250 in <lambda>
  File "C:\Users\adila\Downloads\fmeda_app27\scratch\test-packages\_pytest\runner.py", line 361 in from_call
  File "C:\Users\adila\Downloads\fmeda_app27\scratch\test-packages\_pytest\runner.py", line 249 in call_and_report
  File "C:\Users\adila\Downloads\fmeda_app27\scratch\test-packages\_pytest\runner.py", line 139 in runtestprotocol
  File "C:\Users\adila\Downloads\fmeda_app27\scratch\test-packages\_pytest\runner.py", line 118 in pytest_runtest_protocol
  File "C:\Users\adila\Downloads\fmeda_app27\scratch\test-packages\pluggy\_callers.py", line 121 in _multicall
  File "C:\Users\adila\Downloads\fmeda_app27\scratch\test-packages\pluggy\_manager.py", line 120 in _hookexec
  File "C:\Users\adila\Downloads\fmeda_app27\scratch\test-packages\pluggy\_hooks.py", line 512 in __call__
  File "C:\Users\adila\Downloads\fmeda_app27\scratch\test-packages\_pytest\main.py", line 408 in pytest_runtestloop
  File "C:\Users\adila\Downloads\fmeda_app27\scratch\test-packages\pluggy\_callers.py", line 121 in _multicall
  File "C:\Users\adila\Downloads\fmeda_app27\scratch\test-packages\pluggy\_manager.py", line 120 in _hookexec
  File "C:\Users\adila\Downloads\fmeda_app27\scratch\test-packages\pluggy\_hooks.py", line 512 in __call__
  File "C:\Users\adila\Downloads\fmeda_app27\scratch\test-packages\_pytest\main.py", line 384 in _main
  File "C:\Users\adila\Downloads\fmeda_app27\scratch\test-packages\_pytest\main.py", line 330 in wrap_session
  File "C:\Users\adila\Downloads\fmeda_app27\scratch\test-packages\_pytest\main.py", line 377 in pytest_cmdline_main
  File "C:\Users\adila\Downloads\fmeda_app27\scratch\test-packages\pluggy\_callers.py", line 121 in _multicall
  File "C:\Users\adila\Downloads\fmeda_app27\scratch\test-packages\pluggy\_manager.py", line 120 in _hookexec
  File "C:\Users\adila\Downloads\fmeda_app27\scratch\test-packages\pluggy\_hooks.py", line 512 in __call__
  File "C:\Users\adila\Downloads\fmeda_app27\scratch\test-packages\_pytest\config\__init__.py", line 229 in _main
  File "C:\Users\adila\Downloads\fmeda_app27\scratch\test-packages\_pytest\config\__init__.py", line 253 in _console_main
  File "C:\Users\adila\Downloads\fmeda_app27\scratch\test-packages\pytest\__main__.py", line 9 in <module>
  File "<frozen runpy>", line 88 in _run_code
  File "<frozen runpy>", line 198 in _run_module_as_main
Windows fatal exception: code 0x80040155

Thread 0x00006668 (most recent call first):
  File "C:\Users\adila\Downloads\fmeda_app27\fmeda_tool\services\export_service.py", line 824 in export_to_pdf
  File "C:\Users\adila\Downloads\fmeda_app27\tests\test_increment6.py", line 143 in test_pdf_export_service
  File "C:\Users\adila\.cache\codex-runtimes\codex-primary-runtime\dependencies\python\Lib\unittest\case.py", line 589 in _callTestMethod
  File "C:\Users\adila\.cache\codex-runtimes\codex-primary-runtime\dependencies\python\Lib\unittest\case.py", line 634 in run
  File "C:\Users\adila\.cache\codex-runtimes\codex-primary-runtime\dependencies\python\Lib\unittest\case.py", line 690 in __call__
  File "C:\Users\adila\Downloads\fmeda_app27\scratch\test-packages\_pytest\unittest.py", line 410 in runtest
  File "C:\Users\adila\Downloads\fmeda_app27\scratch\test-packages\_pytest\runner.py", line 184 in pytest_runtest_call
  File "C:\Users\adila\Downloads\fmeda_app27\scratch\test-packages\pluggy\_callers.py", line 121 in _multicall
  File "C:\Users\adila\Downloads\fmeda_app27\scratch\test-packages\pluggy\_manager.py", line 120 in _hookexec
  File "C:\Users\adila\Downloads\fmeda_app27\scratch\test-packages\pluggy\_hooks.py", line 512 in __call__
  File "C:\Users\adila\Downloads\fmeda_app27\scratch\test-packages\_pytest\runner.py", line 250 in <lambda>
  File "C:\Users\adila\Downloads\fmeda_app27\scratch\test-packages\_pytest\runner.py", line 361 in from_call
  File "C:\Users\adila\Downloads\fmeda_app27\scratch\test-packages\_pytest\runner.py", line 249 in call_and_report
  File "C:\Users\adila\Downloads\fmeda_app27\scratch\test-packages\_pytest\runner.py", line 139 in runtestprotocol
  File "C:\Users\adila\Downloads\fmeda_app27\scratch\test-packages\_pytest\runner.py", line 118 in pytest_runtest_protocol
  File "C:\Users\adila\Downloads\fmeda_app27\scratch\test-packages\pluggy\_callers.py", line 121 in _multicall
  File "C:\Users\adila\Downloads\fmeda_app27\scratch\test-packages\pluggy\_manager.py", line 120 in _hookexec
  File "C:\Users\adila\Downloads\fmeda_app27\scratch\test-packages\pluggy\_hooks.py", line 512 in __call__
  File "C:\Users\adila\Downloads\fmeda_app27\scratch\test-packages\_pytest\main.py", line 408 in pytest_runtestloop
  File "C:\Users\adila\Downloads\fmeda_app27\scratch\test-packages\pluggy\_callers.py", line 121 in _multicall
  File "C:\Users\adila\Downloads\fmeda_app27\scratch\test-packages\pluggy\_manager.py", line 120 in _hookexec
  File "C:\Users\adila\Downloads\fmeda_app27\scratch\test-packages\pluggy\_hooks.py", line 512 in __call__
  File "C:\Users\adila\Downloads\fmeda_app27\scratch\test-packages\_pytest\main.py", line 384 in _main
  File "C:\Users\adila\Downloads\fmeda_app27\scratch\test-packages\_pytest\main.py", line 330 in wrap_session
  File "C:\Users\adila\Downloads\fmeda_app27\scratch\test-packages\_pytest\main.py", line 377 in pytest_cmdline_main
  File "C:\Users\adila\Downloads\fmeda_app27\scratch\test-packages\pluggy\_callers.py", line 121 in _multicall
  File "C:\Users\adila\Downloads\fmeda_app27\scratch\test-packages\pluggy\_manager.py", line 120 in _hookexec
  File "C:\Users\adila\Downloads\fmeda_app27\scratch\test-packages\pluggy\_hooks.py", line 512 in __call__
  File "C:\Users\adila\Downloads\fmeda_app27\scratch\test-packages\_pytest\config\__init__.py", line 229 in _main
  File "C:\Users\adila\Downloads\fmeda_app27\scratch\test-packages\_pytest\config\__init__.py", line 253 in _console_main
  File "C:\Users\adila\Downloads\fmeda_app27\scratch\test-packages\pytest\__main__.py", line 9 in <module>
  File "<frozen runpy>", line 88 in _run_code
  File "<frozen runpy>", line 198 in _run_module_as_main
Windows fatal exception: code 0x80040155

Current thread 0x00006668 (most recent call first):
  File "C:\Users\adila\Downloads\fmeda_app27\fmeda_tool\services\export_service.py", line 824 in export_to_pdf
  File "C:\Users\adila\Downloads\fmeda_app27\tests\test_increment6.py", line 143 in test_pdf_export_service
  File "C:\Users\adila\.cache\codex-runtimes\codex-primary-runtime\dependencies\python\Lib\unittest\case.py", line 589 in _callTestMethod
  File "C:\Users\adila\.cache\codex-runtimes\codex-primary-runtime\dependencies\python\Lib\unittest\case.py", line 634 in run
  File "C:\Users\adila\.cache\codex-runtimes\codex-primary-runtime\dependencies\python\Lib\unittest\case.py", line 690 in __call__
  File "C:\Users\adila\Downloads\fmeda_app27\scratch\test-packages\_pytest\unittest.py", line 410 in runtest
  File "C:\Users\adila\Downloads\fmeda_app27\scratch\test-packages\_pytest\runner.py", line 184 in pytest_runtest_call
  File "C:\Users\adila\Downloads\fmeda_app27\scratch\test-packages\pluggy\_callers.py", line 121 in _multicall
  File "C:\Users\adila\Downloads\fmeda_app27\scratch\test-packages\pluggy\_manager.py", line 120 in _hookexec
  File "C:\Users\adila\Downloads\fmeda_app27\scratch\test-packages\pluggy\_hooks.py", line 512 in __call__
  File "C:\Users\adila\Downloads\fmeda_app27\scratch\test-packages\_pytest\runner.py", line 250 in <lambda>
  File "C:\Users\adila\Downloads\fmeda_app27\scratch\test-packages\_pytest\runner.py", line 361 in from_call
  File "C:\Users\adila\Downloads\fmeda_app27\scratch\test-packages\_pytest\runner.py", line 249 in call_and_report
  File "C:\Users\adila\Downloads\fmeda_app27\scratch\test-packages\_pytest\runner.py", line 139 in runtestprotocol
  File "C:\Users\adila\Downloads\fmeda_app27\scratch\test-packages\_pytest\runner.py", line 118 in pytest_runtest_protocol
  File "C:\Users\adila\Downloads\fmeda_app27\scratch\test-packages\pluggy\_callers.py", line 121 in _multicall
  File "C:\Users\adila\Downloads\fmeda_app27\scratch\test-packages\pluggy\_manager.py", line 120 in _hookexec
  File "C:\Users\adila\Downloads\fmeda_app27\scratch\test-packages\pluggy\_hooks.py", line 512 in __call__
  File "C:\Users\adila\Downloads\fmeda_app27\scratch\test-packages\_pytest\main.py", line 408 in pytest_runtestloop
  File "C:\Users\adila\Downloads\fmeda_app27\scratch\test-packages\pluggy\_callers.py", line 121 in _multicall
  File "C:\Users\adila\Downloads\fmeda_app27\scratch\test-packages\pluggy\_manager.py", line 120 in _hookexec
  File "C:\Users\adila\Downloads\fmeda_app27\scratch\test-packages\pluggy\_hooks.py", line 512 in __call__
  File "C:\Users\adila\Downloads\fmeda_app27\scratch\test-packages\_pytest\main.py", line 384 in _main
  File "C:\Users\adila\Downloads\fmeda_app27\scratch\test-packages\_pytest\main.py", line 330 in wrap_session
  File "C:\Users\adila\Downloads\fmeda_app27\scratch\test-packages\_pytest\main.py", line 377 in pytest_cmdline_main
  File "C:\Users\adila\Downloads\fmeda_app27\scratch\test-packages\pluggy\_callers.py", line 121 in _multicall
  File "C:\Users\adila\Downloads\fmeda_app27\scratch\test-packages\pluggy\_manager.py", line 120 in _hookexec
  File "C:\Users\adila\Downloads\fmeda_app27\scratch\test-packages\pluggy\_hooks.py", line 512 in __call__
  File "C:\Users\adila\Downloads\fmeda_app27\scratch\test-packages\_pytest\config\__init__.py", line 229 in _main
  File "C:\Users\adila\Downloads\fmeda_app27\scratch\test-packages\_pytest\config\__init__.py", line 253 in _console_main
  File "C:\Users\adila\Downloads\fmeda_app27\scratch\test-packages\pytest\__main__.py", line 9 in <module>
  File "<frozen runpy>", line 88 in _run_code
  File "<frozen runpy>", line 198 in _run_module_as_main
Windows fatal exception: code 0x80040155

Thread 0x00006668 (most recent call first):
  File "C:\Users\adila\Downloads\fmeda_app27\fmeda_tool\services\export_service.py", line 824 in export_to_pdf
  File "C:\Users\adila\Downloads\fmeda_app27\tests\test_increment6.py", line 143 in test_pdf_export_service
  File "C:\Users\adila\.cache\codex-runtimes\codex-primary-runtime\dependencies\python\Lib\unittest\case.py", line 589 in _callTestMethod
  File "C:\Users\adila\.cache\codex-runtimes\codex-primary-runtime\dependencies\python\Lib\unittest\case.py", line 634 in run
  File "C:\Users\adila\.cache\codex-runtimes\codex-primary-runtime\dependencies\python\Lib\unittest\case.py", line 690 in __call__
  File "C:\Users\adila\Downloads\fmeda_app27\scratch\test-packages\_pytest\unittest.py", line 410 in runtest
  File "C:\Users\adila\Downloads\fmeda_app27\scratch\test-packages\_pytest\runner.py", line 184 in pytest_runtest_call
  File "C:\Users\adila\Downloads\fmeda_app27\scratch\test-packages\pluggy\_callers.py", line 121 in _multicall
  File "C:\Users\adila\Downloads\fmeda_app27\scratch\test-packages\pluggy\_manager.py", line 120 in _hookexec
  File "C:\Users\adila\Downloads\fmeda_app27\scratch\test-packages\pluggy\_hooks.py", line 512 in __call__
  File "C:\Users\adila\Downloads\fmeda_app27\scratch\test-packages\_pytest\runner.py", line 250 in <lambda>
  File "C:\Users\adila\Downloads\fmeda_app27\scratch\test-packages\_pytest\runner.py", line 361 in from_call
  File "C:\Users\adila\Downloads\fmeda_app27\scratch\test-packages\_pytest\runner.py", line 249 in call_and_report
  File "C:\Users\adila\Downloads\fmeda_app27\scratch\test-packages\_pytest\runner.py", line 139 in runtestprotocol
  File "C:\Users\adila\Downloads\fmeda_app27\scratch\test-packages\_pytest\runner.py", line 118 in pytest_runtest_protocol
  File "C:\Users\adila\Downloads\fmeda_app27\scratch\test-packages\pluggy\_callers.py", line 121 in _multicall
  File "C:\Users\adila\Downloads\fmeda_app27\scratch\test-packages\pluggy\_manager.py", line 120 in _hookexec
  File "C:\Users\adila\Downloads\fmeda_app27\scratch\test-packages\pluggy\_hooks.py", line 512 in __call__
  File "C:\Users\adila\Downloads\fmeda_app27\scratch\test-packages\_pytest\main.py", line 408 in pytest_runtestloop
  File "C:\Users\adila\Downloads\fmeda_app27\scratch\test-packages\pluggy\_callers.py", line 121 in _multicall
  File "C:\Users\adila\Downloads\fmeda_app27\scratch\test-packages\pluggy\_manager.py", line 120 in _hookexec
  File "C:\Users\adila\Downloads\fmeda_app27\scratch\test-packages\pluggy\_hooks.py", line 512 in __call__
  File "C:\Users\adila\Downloads\fmeda_app27\scratch\test-packages\_pytest\main.py", line 384 in _main
  File "C:\Users\adila\Downloads\fmeda_app27\scratch\test-packages\_pytest\main.py", line 330 in wrap_session
  File "C:\Users\adila\Downloads\fmeda_app27\scratch\test-packages\_pytest\main.py", line 377 in pytest_cmdline_main
  File "C:\Users\adila\Downloads\fmeda_app27\scratch\test-packages\pluggy\_callers.py", line 121 in _multicall
  File "C:\Users\adila\Downloads\fmeda_app27\scratch\test-packages\pluggy\_manager.py", line 120 in _hookexec
  File "C:\Users\adila\Downloads\fmeda_app27\scratch\test-packages\pluggy\_hooks.py", line 512 in __call__
  File "C:\Users\adila\Downloads\fmeda_app27\scratch\test-packages\_pytest\config\__init__.py", line 229 in _main
  File "C:\Users\adila\Downloads\fmeda_app27\scratch\test-packages\_pytest\config\__init__.py", line 253 in _console_main
  File "C:\Users\adila\Downloads\fmeda_app27\scratch\test-packages\pytest\__main__.py", line 9 in <module>
  File "<frozen runpy>", line 88 in _run_code
  File "<frozen runpy>", line 198 in _run_module_as_main
Windows fatal exception: code 0x80040155

Current thread 0x00006668 (most recent call first):
  File "C:\Users\adila\Downloads\fmeda_app27\fmeda_tool\services\export_service.py", line 824 in export_to_pdf
  File "C:\Users\adila\Downloads\fmeda_app27\tests\test_increment6.py", line 143 in test_pdf_export_service
  File "C:\Users\adila\.cache\codex-runtimes\codex-primary-runtime\dependencies\python\Lib\unittest\case.py", line 589 in _callTestMethod
  File "C:\Users\adila\.cache\codex-runtimes\codex-primary-runtime\dependencies\python\Lib\unittest\case.py", line 634 in run
  File "C:\Users\adila\.cache\codex-runtimes\codex-primary-runtime\dependencies\python\Lib\unittest\case.py", line 690 in __call__
  File "C:\Users\adila\Downloads\fmeda_app27\scratch\test-packages\_pytest\unittest.py", line 410 in runtest
  File "C:\Users\adila\Downloads\fmeda_app27\scratch\test-packages\_pytest\runner.py", line 184 in pytest_runtest_call
  File "C:\Users\adila\Downloads\fmeda_app27\scratch\test-packages\pluggy\_callers.py", line 121 in _multicall
  File "C:\Users\adila\Downloads\fmeda_app27\scratch\test-packages\pluggy\_manager.py", line 120 in _hookexec
  File "C:\Users\adila\Downloads\fmeda_app27\scratch\test-packages\pluggy\_hooks.py", line 512 in __call__
  File "C:\Users\adila\Downloads\fmeda_app27\scratch\test-packages\_pytest\runner.py", line 250 in <lambda>
  File "C:\Users\adila\Downloads\fmeda_app27\scratch\test-packages\_pytest\runner.py", line 361 in from_call
  File "C:\Users\adila\Downloads\fmeda_app27\scratch\test-packages\_pytest\runner.py", line 249 in call_and_report
  File "C:\Users\adila\Downloads\fmeda_app27\scratch\test-packages\_pytest\runner.py", line 139 in runtestprotocol
  File "C:\Users\adila\Downloads\fmeda_app27\scratch\test-packages\_pytest\runner.py", line 118 in pytest_runtest_protocol
  File "C:\Users\adila\Downloads\fmeda_app27\scratch\test-packages\pluggy\_callers.py", line 121 in _multicall
  File "C:\Users\adila\Downloads\fmeda_app27\scratch\test-packages\pluggy\_manager.py", line 120 in _hookexec
  File "C:\Users\adila\Downloads\fmeda_app27\scratch\test-packages\pluggy\_hooks.py", line 512 in __call__
  File "C:\Users\adila\Downloads\fmeda_app27\scratch\test-packages\_pytest\main.py", line 408 in pytest_runtestloop
  File "C:\Users\adila\Downloads\fmeda_app27\scratch\test-packages\pluggy\_callers.py", line 121 in _multicall
  File "C:\Users\adila\Downloads\fmeda_app27\scratch\test-packages\pluggy\_manager.py", line 120 in _hookexec
  File "C:\Users\adila\Downloads\fmeda_app27\scratch\test-packages\pluggy\_hooks.py", line 512 in __call__
  File "C:\Users\adila\Downloads\fmeda_app27\scratch\test-packages\_pytest\main.py", line 384 in _main
  File "C:\Users\adila\Downloads\fmeda_app27\scratch\test-packages\_pytest\main.py", line 330 in wrap_session
  File "C:\Users\adila\Downloads\fmeda_app27\scratch\test-packages\_pytest\main.py", line 377 in pytest_cmdline_main
  File "C:\Users\adila\Downloads\fmeda_app27\scratch\test-packages\pluggy\_callers.py", line 121 in _multicall
  File "C:\Users\adila\Downloads\fmeda_app27\scratch\test-packages\pluggy\_manager.py", line 120 in _hookexec
  File "C:\Users\adila\Downloads\fmeda_app27\scratch\test-packages\pluggy\_hooks.py", line 512 in __call__
  File "C:\Users\adila\Downloads\fmeda_app27\scratch\test-packages\_pytest\config\__init__.py", line 229 in _main
  File "C:\Users\adila\Downloads\fmeda_app27\scratch\test-packages\_pytest\config\__init__.py", line 253 in _console_main
  File "C:\Users\adila\Downloads\fmeda_app27\scratch\test-packages\pytest\__main__.py", line 9 in <module>
  File "<frozen runpy>", line 88 in _run_code
  File "<frozen runpy>", line 198 in _run_module_as_main
Windows fatal exception: code 0x80040155

Thread 0x00006668 (most recent call first):
  File "C:\Users\adila\Downloads\fmeda_app27\fmeda_tool\services\export_service.py", line 824 in export_to_pdf
  File "C:\Users\adila\Downloads\fmeda_app27\tests\test_increment6.py", line 143 in test_pdf_export_service
  File "C:\Users\adila\.cache\codex-runtimes\codex-primary-runtime\dependencies\python\Lib\unittest\case.py", line 589 in _callTestMethod
  File "C:\Users\adila\.cache\codex-runtimes\codex-primary-runtime\dependencies\python\Lib\unittest\case.py", line 634 in run
  File "C:\Users\adila\.cache\codex-runtimes\codex-primary-runtime\dependencies\python\Lib\unittest\case.py", line 690 in __call__
  File "C:\Users\adila\Downloads\fmeda_app27\scratch\test-packages\_pytest\unittest.py", line 410 in runtest
  File "C:\Users\adila\Downloads\fmeda_app27\scratch\test-packages\_pytest\runner.py", line 184 in pytest_runtest_call
  File "C:\Users\adila\Downloads\fmeda_app27\scratch\test-packages\pluggy\_callers.py", line 121 in _multicall
  File "C:\Users\adila\Downloads\fmeda_app27\scratch\test-packages\pluggy\_manager.py", line 120 in _hookexec
  File "C:\Users\adila\Downloads\fmeda_app27\scratch\test-packages\pluggy\_hooks.py", line 512 in __call__
  File "C:\Users\adila\Downloads\fmeda_app27\scratch\test-packages\_pytest\runner.py", line 250 in <lambda>
  File "C:\Users\adila\Downloads\fmeda_app27\scratch\test-packages\_pytest\runner.py", line 361 in from_call
  File "C:\Users\adila\Downloads\fmeda_app27\scratch\test-packages\_pytest\runner.py", line 249 in call_and_report
  File "C:\Users\adila\Downloads\fmeda_app27\scratch\test-packages\_pytest\runner.py", line 139 in runtestprotocol
  File "C:\Users\adila\Downloads\fmeda_app27\scratch\test-packages\_pytest\runner.py", line 118 in pytest_runtest_protocol
  File "C:\Users\adila\Downloads\fmeda_app27\scratch\test-packages\pluggy\_callers.py", line 121 in _multicall
  File "C:\Users\adila\Downloads\fmeda_app27\scratch\test-packages\pluggy\_manager.py", line 120 in _hookexec
  File "C:\Users\adila\Downloads\fmeda_app27\scratch\test-packages\pluggy\_hooks.py", line 512 in __call__
  File "C:\Users\adila\Downloads\fmeda_app27\scratch\test-packages\_pytest\main.py", line 408 in pytest_runtestloop
  File "C:\Users\adila\Downloads\fmeda_app27\scratch\test-packages\pluggy\_callers.py", line 121 in _multicall
  File "C:\Users\adila\Downloads\fmeda_app27\scratch\test-packages\pluggy\_manager.py", line 120 in _hookexec
  File "C:\Users\adila\Downloads\fmeda_app27\scratch\test-packages\pluggy\_hooks.py", line 512 in __call__
  File "C:\Users\adila\Downloads\fmeda_app27\scratch\test-packages\_pytest\main.py", line 384 in _main
  File "C:\Users\adila\Downloads\fmeda_app27\scratch\test-packages\_pytest\main.py", line 330 in wrap_session
  File "C:\Users\adila\Downloads\fmeda_app27\scratch\test-packages\_pytest\main.py", line 377 in pytest_cmdline_main
  File "C:\Users\adila\Downloads\fmeda_app27\scratch\test-packages\pluggy\_callers.py", line 121 in _multicall
  File "C:\Users\adila\Downloads\fmeda_app27\scratch\test-packages\pluggy\_manager.py", line 120 in _hookexec
  File "C:\Users\adila\Downloads\fmeda_app27\scratch\test-packages\pluggy\_hooks.py", line 512 in __call__
  File "C:\Users\adila\Downloads\fmeda_app27\scratch\test-packages\_pytest\config\__init__.py", line 229 in _main
  File "C:\Users\adila\Downloads\fmeda_app27\scratch\test-packages\_pytest\config\__init__.py", line 253 in _console_main
  File "C:\Users\adila\Downloads\fmeda_app27\scratch\test-packages\pytest\__main__.py", line 9 in <module>
  File "<frozen runpy>", line 88 in _run_code
  File "<frozen runpy>", line 198 in _run_module_as_main
Windows fatal exception: code 0x80040155

Current thread 0x00006668 (most recent call first):
  File "C:\Users\adila\Downloads\fmeda_app27\fmeda_tool\services\export_service.py", line 824 in export_to_pdf
  File "C:\Users\adila\Downloads\fmeda_app27\tests\test_increment6.py", line 143 in test_pdf_export_service
  File "C:\Users\adila\.cache\codex-runtimes\codex-primary-runtime\dependencies\python\Lib\unittest\case.py", line 589 in _callTestMethod
  File "C:\Users\adila\.cache\codex-runtimes\codex-primary-runtime\dependencies\python\Lib\unittest\case.py", line 634 in run
  File "C:\Users\adila\.cache\codex-runtimes\codex-primary-runtime\dependencies\python\Lib\unittest\case.py", line 690 in __call__
  File "C:\Users\adila\Downloads\fmeda_app27\scratch\test-packages\_pytest\unittest.py", line 410 in runtest
  File "C:\Users\adila\Downloads\fmeda_app27\scratch\test-packages\_pytest\runner.py", line 184 in pytest_runtest_call
  File "C:\Users\adila\Downloads\fmeda_app27\scratch\test-packages\pluggy\_callers.py", line 121 in _multicall
  File "C:\Users\adila\Downloads\fmeda_app27\scratch\test-packages\pluggy\_manager.py", line 120 in _hookexec
  File "C:\Users\adila\Downloads\fmeda_app27\scratch\test-packages\pluggy\_hooks.py", line 512 in __call__
  File "C:\Users\adila\Downloads\fmeda_app27\scratch\test-packages\_pytest\runner.py", line 250 in <lambda>
  File "C:\Users\adila\Downloads\fmeda_app27\scratch\test-packages\_pytest\runner.py", line 361 in from_call
  File "C:\Users\adila\Downloads\fmeda_app27\scratch\test-packages\_pytest\runner.py", line 249 in call_and_report
  File "C:\Users\adila\Downloads\fmeda_app27\scratch\test-packages\_pytest\runner.py", line 139 in runtestprotocol
  File "C:\Users\adila\Downloads\fmeda_app27\scratch\test-packages\_pytest\runner.py", line 118 in pytest_runtest_protocol
  File "C:\Users\adila\Downloads\fmeda_app27\scratch\test-packages\pluggy\_callers.py", line 121 in _multicall
  File "C:\Users\adila\Downloads\fmeda_app27\scratch\test-packages\pluggy\_manager.py", line 120 in _hookexec
  File "C:\Users\adila\Downloads\fmeda_app27\scratch\test-packages\pluggy\_hooks.py", line 512 in __call__
  File "C:\Users\adila\Downloads\fmeda_app27\scratch\test-packages\_pytest\main.py", line 408 in pytest_runtestloop
  File "C:\Users\adila\Downloads\fmeda_app27\scratch\test-packages\pluggy\_callers.py", line 121 in _multicall
  File "C:\Users\adila\Downloads\fmeda_app27\scratch\test-packages\pluggy\_manager.py", line 120 in _hookexec
  File "C:\Users\adila\Downloads\fmeda_app27\scratch\test-packages\pluggy\_hooks.py", line 512 in __call__
  File "C:\Users\adila\Downloads\fmeda_app27\scratch\test-packages\_pytest\main.py", line 384 in _main
  File "C:\Users\adila\Downloads\fmeda_app27\scratch\test-packages\_pytest\main.py", line 330 in wrap_session
  File "C:\Users\adila\Downloads\fmeda_app27\scratch\test-packages\_pytest\main.py", line 377 in pytest_cmdline_main
  File "C:\Users\adila\Downloads\fmeda_app27\scratch\test-packages\pluggy\_callers.py", line 121 in _multicall
  File "C:\Users\adila\Downloads\fmeda_app27\scratch\test-packages\pluggy\_manager.py", line 120 in _hookexec
  File "C:\Users\adila\Downloads\fmeda_app27\scratch\test-packages\pluggy\_hooks.py", line 512 in __call__
  File "C:\Users\adila\Downloads\fmeda_app27\scratch\test-packages\_pytest\config\__init__.py", line 229 in _main
  File "C:\Users\adila\Downloads\fmeda_app27\scratch\test-packages\_pytest\config\__init__.py", line 253 in _console_main
  File "C:\Users\adila\Downloads\fmeda_app27\scratch\test-packages\pytest\__main__.py", line 9 in <module>
  File "<frozen runpy>", line 88 in _run_code
  File "<frozen runpy>", line 198 in _run_module_as_main
Windows fatal exception: code 0x80040155

Thread 0x00006668 (most recent call first):
  File "C:\Users\adila\Downloads\fmeda_app27\fmeda_tool\services\export_service.py", line 824 in export_to_pdf
  File "C:\Users\adila\Downloads\fmeda_app27\tests\test_increment6.py", line 143 in test_pdf_export_service
  File "C:\Users\adila\.cache\codex-runtimes\codex-primary-runtime\dependencies\python\Lib\unittest\case.py", line 589 in _callTestMethod
  File "C:\Users\adila\.cache\codex-runtimes\codex-primary-runtime\dependencies\python\Lib\unittest\case.py", line 634 in run
  File "C:\Users\adila\.cache\codex-runtimes\codex-primary-runtime\dependencies\python\Lib\unittest\case.py", line 690 in __call__
  File "C:\Users\adila\Downloads\fmeda_app27\scratch\test-packages\_pytest\unittest.py", line 410 in runtest
  File "C:\Users\adila\Downloads\fmeda_app27\scratch\test-packages\_pytest\runner.py", line 184 in pytest_runtest_call
  File "C:\Users\adila\Downloads\fmeda_app27\scratch\test-packages\pluggy\_callers.py", line 121 in _multicall
  File "C:\Users\adila\Downloads\fmeda_app27\scratch\test-packages\pluggy\_manager.py", line 120 in _hookexec
  File "C:\Users\adila\Downloads\fmeda_app27\scratch\test-packages\pluggy\_hooks.py", line 512 in __call__
  File "C:\Users\adila\Downloads\fmeda_app27\scratch\test-packages\_pytest\runner.py", line 250 in <lambda>
  File "C:\Users\adila\Downloads\fmeda_app27\scratch\test-packages\_pytest\runner.py", line 361 in from_call
  File "C:\Users\adila\Downloads\fmeda_app27\scratch\test-packages\_pytest\runner.py", line 249 in call_and_report
  File "C:\Users\adila\Downloads\fmeda_app27\scratch\test-packages\_pytest\runner.py", line 139 in runtestprotocol
  File "C:\Users\adila\Downloads\fmeda_app27\scratch\test-packages\_pytest\runner.py", line 118 in pytest_runtest_protocol
  File "C:\Users\adila\Downloads\fmeda_app27\scratch\test-packages\pluggy\_callers.py", line 121 in _multicall
  File "C:\Users\adila\Downloads\fmeda_app27\scratch\test-packages\pluggy\_manager.py", line 120 in _hookexec
  File "C:\Users\adila\Downloads\fmeda_app27\scratch\test-packages\pluggy\_hooks.py", line 512 in __call__
  File "C:\Users\adila\Downloads\fmeda_app27\scratch\test-packages\_pytest\main.py", line 408 in pytest_runtestloop
  File "C:\Users\adila\Downloads\fmeda_app27\scratch\test-packages\pluggy\_callers.py", line 121 in _multicall
  File "C:\Users\adila\Downloads\fmeda_app27\scratch\test-packages\pluggy\_manager.py", line 120 in _hookexec
  File "C:\Users\adila\Downloads\fmeda_app27\scratch\test-packages\pluggy\_hooks.py", line 512 in __call__
  File "C:\Users\adila\Downloads\fmeda_app27\scratch\test-packages\_pytest\main.py", line 384 in _main
  File "C:\Users\adila\Downloads\fmeda_app27\scratch\test-packages\_pytest\main.py", line 330 in wrap_session
  File "C:\Users\adila\Downloads\fmeda_app27\scratch\test-packages\_pytest\main.py", line 377 in pytest_cmdline_main
  File "C:\Users\adila\Downloads\fmeda_app27\scratch\test-packages\pluggy\_callers.py", line 121 in _multicall
  File "C:\Users\adila\Downloads\fmeda_app27\scratch\test-packages\pluggy\_manager.py", line 120 in _hookexec
  File "C:\Users\adila\Downloads\fmeda_app27\scratch\test-packages\pluggy\_hooks.py", line 512 in __call__
  File "C:\Users\adila\Downloads\fmeda_app27\scratch\test-packages\_pytest\config\__init__.py", line 229 in _main
  File "C:\Users\adila\Downloads\fmeda_app27\scratch\test-packages\_pytest\config\__init__.py", line 253 in _console_main
  File "C:\Users\adila\Downloads\fmeda_app27\scratch\test-packages\pytest\__main__.py", line 9 in <module>
  File "<frozen runpy>", line 88 in _run_code
  File "<frozen runpy>", line 198 in _run_module_as_main
Windows fatal exception: code 0x80040155

Current thread 0x00006668 (most recent call first):
  File "C:\Users\adila\Downloads\fmeda_app27\fmeda_tool\services\export_service.py", line 824 in export_to_pdf
  File "C:\Users\adila\Downloads\fmeda_app27\tests\test_increment6.py", line 143 in test_pdf_export_service
  File "C:\Users\adila\.cache\codex-runtimes\codex-primary-runtime\dependencies\python\Lib\unittest\case.py", line 589 in _callTestMethod
  File "C:\Users\adila\.cache\codex-runtimes\codex-primary-runtime\dependencies\python\Lib\unittest\case.py", line 634 in run
  File "C:\Users\adila\.cache\codex-runtimes\codex-primary-runtime\dependencies\python\Lib\unittest\case.py", line 690 in __call__
  File "C:\Users\adila\Downloads\fmeda_app27\scratch\test-packages\_pytest\unittest.py", line 410 in runtest
  File "C:\Users\adila\Downloads\fmeda_app27\scratch\test-packages\_pytest\runner.py", line 184 in pytest_runtest_call
  File "C:\Users\adila\Downloads\fmeda_app27\scratch\test-packages\pluggy\_callers.py", line 121 in _multicall
  File "C:\Users\adila\Downloads\fmeda_app27\scratch\test-packages\pluggy\_manager.py", line 120 in _hookexec
  File "C:\Users\adila\Downloads\fmeda_app27\scratch\test-packages\pluggy\_hooks.py", line 512 in __call__
  File "C:\Users\adila\Downloads\fmeda_app27\scratch\test-packages\_pytest\runner.py", line 250 in <lambda>
  File "C:\Users\adila\Downloads\fmeda_app27\scratch\test-packages\_pytest\runner.py", line 361 in from_call
  File "C:\Users\adila\Downloads\fmeda_app27\scratch\test-packages\_pytest\runner.py", line 249 in call_and_report
  File "C:\Users\adila\Downloads\fmeda_app27\scratch\test-packages\_pytest\runner.py", line 139 in runtestprotocol
  File "C:\Users\adila\Downloads\fmeda_app27\scratch\test-packages\_pytest\runner.py", line 118 in pytest_runtest_protocol
  File "C:\Users\adila\Downloads\fmeda_app27\scratch\test-packages\pluggy\_callers.py", line 121 in _multicall
  File "C:\Users\adila\Downloads\fmeda_app27\scratch\test-packages\pluggy\_manager.py", line 120 in _hookexec
  File "C:\Users\adila\Downloads\fmeda_app27\scratch\test-packages\pluggy\_hooks.py", line 512 in __call__
  File "C:\Users\adila\Downloads\fmeda_app27\scratch\test-packages\_pytest\main.py", line 408 in pytest_runtestloop
  File "C:\Users\adila\Downloads\fmeda_app27\scratch\test-packages\pluggy\_callers.py", line 121 in _multicall
  File "C:\Users\adila\Downloads\fmeda_app27\scratch\test-packages\pluggy\_manager.py", line 120 in _hookexec
  File "C:\Users\adila\Downloads\fmeda_app27\scratch\test-packages\pluggy\_hooks.py", line 512 in __call__
  File "C:\Users\adila\Downloads\fmeda_app27\scratch\test-packages\_pytest\main.py", line 384 in _main
  File "C:\Users\adila\Downloads\fmeda_app27\scratch\test-packages\_pytest\main.py", line 330 in wrap_session
  File "C:\Users\adila\Downloads\fmeda_app27\scratch\test-packages\_pytest\main.py", line 377 in pytest_cmdline_main
  File "C:\Users\adila\Downloads\fmeda_app27\scratch\test-packages\pluggy\_callers.py", line 121 in _multicall
  File "C:\Users\adila\Downloads\fmeda_app27\scratch\test-packages\pluggy\_manager.py", line 120 in _hookexec
  File "C:\Users\adila\Downloads\fmeda_app27\scratch\test-packages\pluggy\_hooks.py", line 512 in __call__
  File "C:\Users\adila\Downloads\fmeda_app27\scratch\test-packages\_pytest\config\__init__.py", line 229 in _main
  File "C:\Users\adila\Downloads\fmeda_app27\scratch\test-packages\_pytest\config\__init__.py", line 253 in _console_main
  File "C:\Users\adila\Downloads\fmeda_app27\scratch\test-packages\pytest\__main__.py", line 9 in <module>
  File "<frozen runpy>", line 88 in _run_code
  File "<frozen runpy>", line 198 in _run_module_as_main
Windows fatal exception: code 0x80040155

Thread 0x00006668 (most recent call first):
  File "C:\Users\adila\Downloads\fmeda_app27\fmeda_tool\services\export_service.py", line 824 in export_to_pdf
  File "C:\Users\adila\Downloads\fmeda_app27\tests\test_increment6.py", line 143 in test_pdf_export_service
  File "C:\Users\adila\.cache\codex-runtimes\codex-primary-runtime\dependencies\python\Lib\unittest\case.py", line 589 in _callTestMethod
  File "C:\Users\adila\.cache\codex-runtimes\codex-primary-runtime\dependencies\python\Lib\unittest\case.py", line 634 in run
  File "C:\Users\adila\.cache\codex-runtimes\codex-primary-runtime\dependencies\python\Lib\unittest\case.py", line 690 in __call__
  File "C:\Users\adila\Downloads\fmeda_app27\scratch\test-packages\_pytest\unittest.py", line 410 in runtest
  File "C:\Users\adila\Downloads\fmeda_app27\scratch\test-packages\_pytest\runner.py", line 184 in pytest_runtest_call
  File "C:\Users\adila\Downloads\fmeda_app27\scratch\test-packages\pluggy\_callers.py", line 121 in _multicall
  File "C:\Users\adila\Downloads\fmeda_app27\scratch\test-packages\pluggy\_manager.py", line 120 in _hookexec
  File "C:\Users\adila\Downloads\fmeda_app27\scratch\test-packages\pluggy\_hooks.py", line 512 in __call__
  File "C:\Users\adila\Downloads\fmeda_app27\scratch\test-packages\_pytest\runner.py", line 250 in <lambda>
  File "C:\Users\adila\Downloads\fmeda_app27\scratch\test-packages\_pytest\runner.py", line 361 in from_call
  File "C:\Users\adila\Downloads\fmeda_app27\scratch\test-packages\_pytest\runner.py", line 249 in call_and_report
  File "C:\Users\adila\Downloads\fmeda_app27\scratch\test-packages\_pytest\runner.py", line 139 in runtestprotocol
  File "C:\Users\adila\Downloads\fmeda_app27\scratch\test-packages\_pytest\runner.py", line 118 in pytest_runtest_protocol
  File "C:\Users\adila\Downloads\fmeda_app27\scratch\test-packages\pluggy\_callers.py", line 121 in _multicall
  File "C:\Users\adila\Downloads\fmeda_app27\scratch\test-packages\pluggy\_manager.py", line 120 in _hookexec
  File "C:\Users\adila\Downloads\fmeda_app27\scratch\test-packages\pluggy\_hooks.py", line 512 in __call__
  File "C:\Users\adila\Downloads\fmeda_app27\scratch\test-packages\_pytest\main.py", line 408 in pytest_runtestloop
  File "C:\Users\adila\Downloads\fmeda_app27\scratch\test-packages\pluggy\_callers.py", line 121 in _multicall
  File "C:\Users\adila\Downloads\fmeda_app27\scratch\test-packages\pluggy\_manager.py", line 120 in _hookexec
  File "C:\Users\adila\Downloads\fmeda_app27\scratch\test-packages\pluggy\_hooks.py", line 512 in __call__
  File "C:\Users\adila\Downloads\fmeda_app27\scratch\test-packages\_pytest\main.py", line 384 in _main
  File "C:\Users\adila\Downloads\fmeda_app27\scratch\test-packages\_pytest\main.py", line 330 in wrap_session
  File "C:\Users\adila\Downloads\fmeda_app27\scratch\test-packages\_pytest\main.py", line 377 in pytest_cmdline_main
  File "C:\Users\adila\Downloads\fmeda_app27\scratch\test-packages\pluggy\_callers.py", line 121 in _multicall
  File "C:\Users\adila\Downloads\fmeda_app27\scratch\test-packages\pluggy\_manager.py", line 120 in _hookexec
  File "C:\Users\adila\Downloads\fmeda_app27\scratch\test-packages\pluggy\_hooks.py", line 512 in __call__
  File "C:\Users\adila\Downloads\fmeda_app27\scratch\test-packages\_pytest\config\__init__.py", line 229 in _main
  File "C:\Users\adila\Downloads\fmeda_app27\scratch\test-packages\_pytest\config\__init__.py", line 253 in _console_main
  File "C:\Users\adila\Downloads\fmeda_app27\scratch\test-packages\pytest\__main__.py", line 9 in <module>
  File "<frozen runpy>", line 88 in _run_code
  File "<frozen runpy>", line 198 in _run_module_as_main
Windows fatal exception: code 0x80040155

Current thread 0x00006668 (most recent call first):
  File "C:\Users\adila\Downloads\fmeda_app27\fmeda_tool\services\export_service.py", line 824 in export_to_pdf
  File "C:\Users\adila\Downloads\fmeda_app27\tests\test_increment6.py", line 143 in test_pdf_export_service
  File "C:\Users\adila\.cache\codex-runtimes\codex-primary-runtime\dependencies\python\Lib\unittest\case.py", line 589 in _callTestMethod
  File "C:\Users\adila\.cache\codex-runtimes\codex-primary-runtime\dependencies\python\Lib\unittest\case.py", line 634 in run
  File "C:\Users\adila\.cache\codex-runtimes\codex-primary-runtime\dependencies\python\Lib\unittest\case.py", line 690 in __call__
  File "C:\Users\adila\Downloads\fmeda_app27\scratch\test-packages\_pytest\unittest.py", line 410 in runtest
  File "C:\Users\adila\Downloads\fmeda_app27\scratch\test-packages\_pytest\runner.py", line 184 in pytest_runtest_call
  File "C:\Users\adila\Downloads\fmeda_app27\scratch\test-packages\pluggy\_callers.py", line 121 in _multicall
  File "C:\Users\adila\Downloads\fmeda_app27\scratch\test-packages\pluggy\_manager.py", line 120 in _hookexec
  File "C:\Users\adila\Downloads\fmeda_app27\scratch\test-packages\pluggy\_hooks.py", line 512 in __call__
  File "C:\Users\adila\Downloads\fmeda_app27\scratch\test-packages\_pytest\runner.py", line 250 in <lambda>
  File "C:\Users\adila\Downloads\fmeda_app27\scratch\test-packages\_pytest\runner.py", line 361 in from_call
  File "C:\Users\adila\Downloads\fmeda_app27\scratch\test-packages\_pytest\runner.py", line 249 in call_and_report
  File "C:\Users\adila\Downloads\fmeda_app27\scratch\test-packages\_pytest\runner.py", line 139 in runtestprotocol
  File "C:\Users\adila\Downloads\fmeda_app27\scratch\test-packages\_pytest\runner.py", line 118 in pytest_runtest_protocol
  File "C:\Users\adila\Downloads\fmeda_app27\scratch\test-packages\pluggy\_callers.py", line 121 in _multicall
  File "C:\Users\adila\Downloads\fmeda_app27\scratch\test-packages\pluggy\_manager.py", line 120 in _hookexec
  File "C:\Users\adila\Downloads\fmeda_app27\scratch\test-packages\pluggy\_hooks.py", line 512 in __call__
  File "C:\Users\adila\Downloads\fmeda_app27\scratch\test-packages\_pytest\main.py", line 408 in pytest_runtestloop
  File "C:\Users\adila\Downloads\fmeda_app27\scratch\test-packages\pluggy\_callers.py", line 121 in _multicall
  File "C:\Users\adila\Downloads\fmeda_app27\scratch\test-packages\pluggy\_manager.py", line 120 in _hookexec
  File "C:\Users\adila\Downloads\fmeda_app27\scratch\test-packages\pluggy\_hooks.py", line 512 in __call__
  File "C:\Users\adila\Downloads\fmeda_app27\scratch\test-packages\_pytest\main.py", line 384 in _main
  File "C:\Users\adila\Downloads\fmeda_app27\scratch\test-packages\_pytest\main.py", line 330 in wrap_session
  File "C:\Users\adila\Downloads\fmeda_app27\scratch\test-packages\_pytest\main.py", line 377 in pytest_cmdline_main
  File "C:\Users\adila\Downloads\fmeda_app27\scratch\test-packages\pluggy\_callers.py", line 121 in _multicall
  File "C:\Users\adila\Downloads\fmeda_app27\scratch\test-packages\pluggy\_manager.py", line 120 in _hookexec
  File "C:\Users\adila\Downloads\fmeda_app27\scratch\test-packages\pluggy\_hooks.py", line 512 in __call__
  File "C:\Users\adila\Downloads\fmeda_app27\scratch\test-packages\_pytest\config\__init__.py", line 229 in _main
  File "C:\Users\adila\Downloads\fmeda_app27\scratch\test-packages\_pytest\config\__init__.py", line 253 in _console_main
  File "C:\Users\adila\Downloads\fmeda_app27\scratch\test-packages\pytest\__main__.py", line 9 in <module>
  File "<frozen runpy>", line 88 in _run_code
  File "<frozen runpy>", line 198 in _run_module_as_main
Windows fatal exception: code 0x80040155

Thread 0x00006668 (most recent call first):
  File "C:\Users\adila\Downloads\fmeda_app27\fmeda_tool\services\export_service.py", line 824 in export_to_pdf
  File "C:\Users\adila\Downloads\fmeda_app27\tests\test_increment6.py", line 143 in test_pdf_export_service
  File "C:\Users\adila\.cache\codex-runtimes\codex-primary-runtime\dependencies\python\Lib\unittest\case.py", line 589 in _callTestMethod
  File "C:\Users\adila\.cache\codex-runtimes\codex-primary-runtime\dependencies\python\Lib\unittest\case.py", line 634 in run
  File "C:\Users\adila\.cache\codex-runtimes\codex-primary-runtime\dependencies\python\Lib\unittest\case.py", line 690 in __call__
  File "C:\Users\adila\Downloads\fmeda_app27\scratch\test-packages\_pytest\unittest.py", line 410 in runtest
  File "C:\Users\adila\Downloads\fmeda_app27\scratch\test-packages\_pytest\runner.py", line 184 in pytest_runtest_call
  File "C:\Users\adila\Downloads\fmeda_app27\scratch\test-packages\pluggy\_callers.py", line 121 in _multicall
  File "C:\Users\adila\Downloads\fmeda_app27\scratch\test-packages\pluggy\_manager.py", line 120 in _hookexec
  File "C:\Users\adila\Downloads\fmeda_app27\scratch\test-packages\pluggy\_hooks.py", line 512 in __call__
  File "C:\Users\adila\Downloads\fmeda_app27\scratch\test-packages\_pytest\runner.py", line 250 in <lambda>
  File "C:\Users\adila\Downloads\fmeda_app27\scratch\test-packages\_pytest\runner.py", line 361 in from_call
  File "C:\Users\adila\Downloads\fmeda_app27\scratch\test-packages\_pytest\runner.py", line 249 in call_and_report
  File "C:\Users\adila\Downloads\fmeda_app27\scratch\test-packages\_pytest\runner.py", line 139 in runtestprotocol
  File "C:\Users\adila\Downloads\fmeda_app27\scratch\test-packages\_pytest\runner.py", line 118 in pytest_runtest_protocol
  File "C:\Users\adila\Downloads\fmeda_app27\scratch\test-packages\pluggy\_callers.py", line 121 in _multicall
  File "C:\Users\adila\Downloads\fmeda_app27\scratch\test-packages\pluggy\_manager.py", line 120 in _hookexec
  File "C:\Users\adila\Downloads\fmeda_app27\scratch\test-packages\pluggy\_hooks.py", line 512 in __call__
  File "C:\Users\adila\Downloads\fmeda_app27\scratch\test-packages\_pytest\main.py", line 408 in pytest_runtestloop
  File "C:\Users\adila\Downloads\fmeda_app27\scratch\test-packages\pluggy\_callers.py", line 121 in _multicall
  File "C:\Users\adila\Downloads\fmeda_app27\scratch\test-packages\pluggy\_manager.py", line 120 in _hookexec
  File "C:\Users\adila\Downloads\fmeda_app27\scratch\test-packages\pluggy\_hooks.py", line 512 in __call__
  File "C:\Users\adila\Downloads\fmeda_app27\scratch\test-packages\_pytest\main.py", line 384 in _main
  File "C:\Users\adila\Downloads\fmeda_app27\scratch\test-packages\_pytest\main.py", line 330 in wrap_session
  File "C:\Users\adila\Downloads\fmeda_app27\scratch\test-packages\_pytest\main.py", line 377 in pytest_cmdline_main
  File "C:\Users\adila\Downloads\fmeda_app27\scratch\test-packages\pluggy\_callers.py", line 121 in _multicall
  File "C:\Users\adila\Downloads\fmeda_app27\scratch\test-packages\pluggy\_manager.py", line 120 in _hookexec
  File "C:\Users\adila\Downloads\fmeda_app27\scratch\test-packages\pluggy\_hooks.py", line 512 in __call__
  File "C:\Users\adila\Downloads\fmeda_app27\scratch\test-packages\_pytest\config\__init__.py", line 229 in _main
  File "C:\Users\adila\Downloads\fmeda_app27\scratch\test-packages\_pytest\config\__init__.py", line 253 in _console_main
  File "C:\Users\adila\Downloads\fmeda_app27\scratch\test-packages\pytest\__main__.py", line 9 in <module>
  File "<frozen runpy>", line 88 in _run_code
  File "<frozen runpy>", line 198 in _run_module_as_main
Windows fatal exception: code 0x80040155

Current thread 0x00006668 (most recent call first):
  File "C:\Users\adila\Downloads\fmeda_app27\fmeda_tool\services\export_service.py", line 824 in export_to_pdf
  File "C:\Users\adila\Downloads\fmeda_app27\tests\test_increment6.py", line 143 in test_pdf_export_service
  File "C:\Users\adila\.cache\codex-runtimes\codex-primary-runtime\dependencies\python\Lib\unittest\case.py", line 589 in _callTestMethod
  File "C:\Users\adila\.cache\codex-runtimes\codex-primary-runtime\dependencies\python\Lib\unittest\case.py", line 634 in run
  File "C:\Users\adila\.cache\codex-runtimes\codex-primary-runtime\dependencies\python\Lib\unittest\case.py", line 690 in __call__
  File "C:\Users\adila\Downloads\fmeda_app27\scratch\test-packages\_pytest\unittest.py", line 410 in runtest
  File "C:\Users\adila\Downloads\fmeda_app27\scratch\test-packages\_pytest\runner.py", line 184 in pytest_runtest_call
  File "C:\Users\adila\Downloads\fmeda_app27\scratch\test-packages\pluggy\_callers.py", line 121 in _multicall
  File "C:\Users\adila\Downloads\fmeda_app27\scratch\test-packages\pluggy\_manager.py", line 120 in _hookexec
  File "C:\Users\adila\Downloads\fmeda_app27\scratch\test-packages\pluggy\_hooks.py", line 512 in __call__
  File "C:\Users\adila\Downloads\fmeda_app27\scratch\test-packages\_pytest\runner.py", line 250 in <lambda>
  File "C:\Users\adila\Downloads\fmeda_app27\scratch\test-packages\_pytest\runner.py", line 361 in from_call
  File "C:\Users\adila\Downloads\fmeda_app27\scratch\test-packages\_pytest\runner.py", line 249 in call_and_report
  File "C:\Users\adila\Downloads\fmeda_app27\scratch\test-packages\_pytest\runner.py", line 139 in runtestprotocol
  File "C:\Users\adila\Downloads\fmeda_app27\scratch\test-packages\_pytest\runner.py", line 118 in pytest_runtest_protocol
  File "C:\Users\adila\Downloads\fmeda_app27\scratch\test-packages\pluggy\_callers.py", line 121 in _multicall
  File "C:\Users\adila\Downloads\fmeda_app27\scratch\test-packages\pluggy\_manager.py", line 120 in _hookexec
  File "C:\Users\adila\Downloads\fmeda_app27\scratch\test-packages\pluggy\_hooks.py", line 512 in __call__
  File "C:\Users\adila\Downloads\fmeda_app27\scratch\test-packages\_pytest\main.py", line 408 in pytest_runtestloop
  File "C:\Users\adila\Downloads\fmeda_app27\scratch\test-packages\pluggy\_callers.py", line 121 in _multicall
  File "C:\Users\adila\Downloads\fmeda_app27\scratch\test-packages\pluggy\_manager.py", line 120 in _hookexec
  File "C:\Users\adila\Downloads\fmeda_app27\scratch\test-packages\pluggy\_hooks.py", line 512 in __call__
  File "C:\Users\adila\Downloads\fmeda_app27\scratch\test-packages\_pytest\main.py", line 384 in _main
  File "C:\Users\adila\Downloads\fmeda_app27\scratch\test-packages\_pytest\main.py", line 330 in wrap_session
  File "C:\Users\adila\Downloads\fmeda_app27\scratch\test-packages\_pytest\main.py", line 377 in pytest_cmdline_main
  File "C:\Users\adila\Downloads\fmeda_app27\scratch\test-packages\pluggy\_callers.py", line 121 in _multicall
  File "C:\Users\adila\Downloads\fmeda_app27\scratch\test-packages\pluggy\_manager.py", line 120 in _hookexec
  File "C:\Users\adila\Downloads\fmeda_app27\scratch\test-packages\pluggy\_hooks.py", line 512 in __call__
  File "C:\Users\adila\Downloads\fmeda_app27\scratch\test-packages\_pytest\config\__init__.py", line 229 in _main
  File "C:\Users\adila\Downloads\fmeda_app27\scratch\test-packages\_pytest\config\__init__.py", line 253 in _console_main
  File "C:\Users\adila\Downloads\fmeda_app27\scratch\test-packages\pytest\__main__.py", line 9 in <module>
  File "<frozen runpy>", line 88 in _run_code
  File "<frozen runpy>", line 198 in _run_module_as_main
....................................................................s... [ 65%]
...........................F............................................ [ 97%]
.....                                                                    [100%]
================================== FAILURES ===================================
__________________ test_overview_and_exports_contain_values ___________________

tmp_path = WindowsPath('C:/Users/adila/Downloads/fmeda_app27/scratch/pytest-baseline/test_overview_and_exports_cont0')
qapp = <PyQt6.QtWidgets.QApplication object at 0x000002B2048FCCD0>

    def test_overview_and_exports_contain_values(tmp_path, qapp):
        p = project()
        overview = ProjectOverviewTab(None)
        overview.refresh(p)
        texts = [label.text() for label in overview.findChildren(QLabel)]
        assert ARCHITECTURE in texts and SCHEMATIC in texts
        xlsx = tmp_path / "overview.xlsx"
        assert ExportService.export_to_excel(p, str(xlsx))
        wb = openpyxl.load_workbook(xlsx)
        ws = wb["Overview"]
        cells = {cell.value: cell for row in ws for cell in row if isinstance(cell.value, str)}
        assert ws.cell(cells["Schematic Version:"].row, 2).value == SCHEMATIC
        assert ws.cell(cells["Safety Architecture:"].row, 5).value == ARCHITECTURE
        assert ws.cell(cells["Safety Architecture:"].row, 5).alignment.wrap_text
        wb.close()
        # Inspect the exact document sent to the real Qt PDF printer, including line breaks.
        captured = []
        original_set_html = QTextDocument.setHtml
        def capture(document, html):
            original_set_html(document, html)
            captured.append(document.toPlainText())
        pdf = tmp_path / "overview.pdf"
        with patch.object(QTextDocument, "setHtml", capture):
            assert ExportService.export_to_pdf(p, str(pdf))
        assert pdf.read_bytes().startswith(b"%PDF")
        assert "Schematic Version:" in captured[0]
        assert SCHEMATIC.strip() in captured[0]
        assert ARCHITECTURE in captured[0]
        document = QPdfDocument(None)
        assert document.load(str(pdf)) == QPdfDocument.Error.None_
        exported_text = "\n".join(document.getAllText(page).text() for page in range(document.pageCount()))
>       assert "Schematic Version:" in exported_text
E       AssertionError: assert 'Schematic Version:' in '\n'

tests\test_required_component_and_project_fields.py:251: AssertionError
============================== warnings summary ===============================
.venv\Lib\site-packages\pydantic\_internal\_config.py:271
.venv\Lib\site-packages\pydantic\_internal\_config.py:271
.venv\Lib\site-packages\pydantic\_internal\_config.py:271
.venv\Lib\site-packages\pydantic\_internal\_config.py:271
.venv\Lib\site-packages\pydantic\_internal\_config.py:271
.venv\Lib\site-packages\pydantic\_internal\_config.py:271
.venv\Lib\site-packages\pydantic\_internal\_config.py:271
.venv\Lib\site-packages\pydantic\_internal\_config.py:271
  C:\Users\adila\Downloads\fmeda_app27\.venv\Lib\site-packages\pydantic\_internal\_config.py:271: PydanticDeprecatedSince20: Support for class-based `config` is deprecated, use ConfigDict instead. Deprecated in Pydantic V2.0 to be removed in V3.0. See Pydantic V2 Migration Guide at https://errors.pydantic.dev/2.5/migration/
    warnings.warn(DEPRECATION_MESSAGE, DeprecationWarning)

-- Docs: https://docs.pytest.org/en/stable/how-to/capture-warnings.html
=========================== short test summary info ===========================
FAILED tests/test_required_component_and_project_fields.py::test_overview_and_exports_contain_values
1 failed, 219 passed, 1 skipped, 8 warnings in 37.92s
